price,mantage,metrage,sal,otag,tabage,vshed_status,lat,long,tehdad_vahed,asansor,parking,anbari
1350000000,chitgar-shomali,90,1404.0,2.0,۸ از ۱۵,بازسازی نشده,35.724967357777,51.186592877096,8.0,آسانسور دارد,پارگینگ دارد,انباری دارد
89999998976,saadat-abad,155,1404.0,3.0,۶ از ۶,بازسازی نشده,35.784825785432,51.368796872036,4.0,آسانسور دارد,پارگینگ دارد,انباری دارد
77999996928,velenjak,160,1403.0,2.0,۳,بازسازی نشده,35.8070083,51.404564,,آسانسور دارد,پارگینگ دارد,انباری دارد
2700000000,dolatkhah,57,1398.0,2.0,۴,بازسازی نشده,35.616705887245,51.342721750424,,آسانسور دارد,پارگینگ دارد,انباری دارد
89999998976,farmaniyeh,215,1397.0,3.0,۲ از ۶,بازسازی نشده,35.796357059103,51.469126655975,1.0,آسانسور دارد,پارگینگ دارد,انباری دارد
5779999744,shaharak-e-shariyati,53,1390.0,1.0,۴,بازسازی نشده,35.632387307646,51.374454027412,1.0,آسانسور دارد,پارگینگ دارد,انباری دارد
20999999488,behjat-abad,101,1375.0,2.0,۲,بازسازی شده,35.721688618459,51.413530687418,2.0,آسانسور ندارد,پارگینگ دارد,انباری دارد
529999986688,saadat-abad,550,1404.0,,۱۰,بازسازی نشده,35.784820079456,51.368678182941,,آسانسور دارد,پارگینگ دارد,انباری دارد
4750000128,sarsabil,56,1380.0,1.0,همکف از ۴,بازسازی نشده,35.687757999281,51.376490895264,1.0,آسانسور ندارد,پارگینگ ندارد,انباری دارد
27000000512,abbas-abad,110,1404.0,2.0,۲,بازسازی نشده,35.725026990113,51.434035517488,,آسانسور دارد,پارگینگ دارد,انباری دارد
4100000000,shahr-e-ziba,76,1398.0,2.0,۳,بازسازی نشده,35.748476601855,51.291304732697,,آسانسور دارد,پارگینگ دارد,انباری دارد
4499999744,imam-sajjad,80,1377.0,2.0,۲,بازسازی نشده,35.652688413228,51.354414661917,1.0,آسانسور ندارد,پارگینگ ندارد,انباری دارد
4550000128,shokoofeh,50,1381.0,1.0,۱,بازسازی شده,35.679371985594,51.448907346648,,آسانسور ندارد,پارگینگ ندارد,انباری دارد
73000001536,south-shahran,250,1401.0,3.0,۵ از ۶,بازسازی نشده,35.761210689931,51.289934933577,2.0,آسانسور دارد,پارگینگ دارد,انباری دارد
299999985664,saadat-abad,400,1404.0,4.0,۴ از ۱۱,بازسازی نشده,35.785700682069,51.372510647509,1.0,آسانسور دارد,پارگینگ دارد,انباری دارد
38000001024,central-janat-abad,170,1404.0,3.0,۴,بازسازی نشده,35.759773699286,51.304241264274,,آسانسور دارد,پارگینگ دارد,انباری دارد
5649999872,jeyhoun,52,1385.0,1.0,۱ از ۴,بازسازی شده,35.689524975509,51.364302807602,1.0,آسانسور ندارد,پارگینگ دارد,انباری دارد
11500000256,jey,100,1404.0,2.0,۴ از ۴,بازسازی نشده,35.67758256407,51.356024285135,1.0,آسانسور دارد,پارگینگ دارد,انباری دارد
17200001024,dr-hoshyar,110,1400.0,2.0,۵,بازسازی نشده,35.69715139284,51.346948658743,,آسانسور دارد,پارگینگ دارد,انباری دارد
235000004608,saadat-abad,260,1404.0,4.0,۸,بازسازی نشده,35.784649055444,51.368155437722,1.0,آسانسور دارد,پارگینگ دارد,انباری دارد
12000000000,bahar,70,1381.0,2.0,۵,بازسازی نشده,35.709447315462,51.431691176516,2.0,آسانسور دارد,پارگینگ دارد,انباری دارد
8899999744,jey,88,1402.0,2.0,۳ از ۵,بازسازی نشده,35.678592522839,51.355663684793,2.0,آسانسور دارد,پارگینگ دارد,انباری دارد
13799999488,shahrak-kharazi,104,1403.0,2.0,۸,بازسازی نشده,35.75731520092,51.160017536777,,آسانسور دارد,پارگینگ دارد,انباری دارد
8249999872,selsebil-shomali,73,1400.0,2.0,۲ از ۵,بازسازی نشده,35.695057760494,51.372468492771,2.0,آسانسور دارد,پارگینگ ندارد,انباری دارد
15500000256,dr-hoshyar,105,1399.0,2.0,۵ از ۵,بازسازی نشده,35.696678804568,51.349786943792,2.0,آسانسور دارد,پارگینگ دارد,انباری دارد
15889999872,almahdi,70,1388.0,2.0,۲ از ۴,بازسازی شده,35.775274398219,51.332937964213,2.0,آسانسور ندارد,پارگینگ دارد,انباری دارد
9500000256,tehran-zanjan,80,1397.0,2.0,۱,بازسازی نشده,35.699871367596,51.360104602476,,آسانسور دارد,پارگینگ دارد,انباری ندارد
1000,shahrak-homa,170,1404.0,3.0,۴ از ۱۴,بازسازی نشده,35.745796076891,51.338900453514,,آسانسور دارد,پارگینگ دارد,انباری دارد
2800000000,shahr-e-ziba,67,1401.0,2.0,۱,بازسازی نشده,35.747638039797,51.291471292121,,آسانسور دارد,پارگینگ دارد,انباری دارد
2800000000,shahr-e-ziba,55,1400.0,1.0,۲,بازسازی نشده,35.751838901566,51.290963099906,,آسانسور دارد,پارگینگ دارد,انباری دارد
18499999744,abshar,150,1404.0,3.0,۱ از ۶,بازسازی نشده,35.675338004958,51.444630764208,2.0,آسانسور دارد,پارگینگ دارد,انباری دارد
7000000000,azad-shahr,100,1404.0,2.0,۲۲,بازسازی نشده,35.75669418415,51.176833391376,,آسانسور دارد,پارگینگ دارد,انباری دارد
6499999744,sheykh-hadi,85,1380.0,2.0,۳ از ۴,بازسازی شده,35.690003824018,51.408175442509,2.0,آسانسور ندارد,پارگینگ ندارد,انباری دارد
13900000256,university-of-sharif,62,1404.0,1.0,۵ از ۱۱,بازسازی نشده,35.70491612676,51.348310805063,,آسانسور دارد,پارگینگ دارد,انباری دارد
109999996928,kamraniyeh,200,1403.0,3.0,۲,بازسازی نشده,35.808637346375,51.458917200838,,آسانسور دارد,پارگینگ دارد,انباری دارد
5299999744,jeyhoun,49,1382.0,1.0,۱ از ۴,بازسازی نشده,35.695223139651,51.368281259119,2.0,آسانسور ندارد,پارگینگ ندارد,انباری دارد
4499999744,molavi,63,1388.0,1.0,۱ از ۴,بازسازی نشده,35.667271527622,51.415426669318,3.0,آسانسور دارد,پارگینگ ندارد,انباری دارد
99999997952,darrous,275,1393.0,4.0,۱,بازسازی نشده,35.775673591091,51.451649242163,,آسانسور دارد,پارگینگ دارد,انباری دارد
5000000000,saeed-abad,100,1398.0,2.0,۴,بازسازی نشده,35.653002130229,51.288437543203,,آسانسور دارد,پارگینگ دارد,انباری دارد
8999999488,selsebil-shomali,83,1398.0,2.0,۱ از ۴,بازسازی نشده,35.690517028852,51.376148754162,2.0,آسانسور دارد,پارگینگ ندارد,انباری دارد
13500000256,selsebil-shomali,77,1404.0,2.0,۲,بازسازی نشده,35.698948600546,51.372157910864,1.0,آسانسور دارد,پارگینگ ندارد,انباری دارد
8000000000,tehransar-gharbi,80,1404.0,2.0,۳,بازسازی نشده,35.691206629772,51.250178278065,,آسانسور دارد,پارگینگ دارد,انباری دارد
31700000768,hasan-abad-shomali,118,1398.0,3.0,۵,بازسازی نشده,35.73089578071,51.326402350486,1.0,آسانسور دارد,پارگینگ دارد,انباری دارد
5100000256,tehran-gorgan,37,1380.0,1.0,۱ از ۳,بازسازی نشده,35.70692337395,51.450229022782,2.0,آسانسور ندارد,پارگینگ ندارد,انباری ندارد
1728000000,chitgar-lake,90,1404.0,2.0,۲۸ از +۳۰,بازسازی نشده,35.749376844342,51.213342618533,,آسانسور دارد,پارگینگ دارد,انباری دارد
3100000000,shahr-e-ziba,58,1399.0,2.0,۲,بازسازی نشده,35.749201542405,51.291511709193,,آسانسور دارد,پارگینگ دارد,انباری دارد
9699999744,afsariye-jonubi,76,,1.0,۲,بازسازی شده,35.642370213484,51.490714736597,,آسانسور ندارد,پارگینگ ندارد,انباری دارد
69000003584,shahrak-e-gharb,150,1404.0,3.0,۵,بازسازی نشده,35.766682340906,51.366528063361,1.0,آسانسور دارد,پارگینگ دارد,انباری دارد
5000000000,west-shahrak-e-golestan,64,1403.0,2.0,۲ از ۴,بازسازی نشده,35.748519602382,51.223954248652,2.0,آسانسور دارد,پارگینگ دارد,انباری دارد
3700000000,saheb-al-zaman,35,1385.0,1.0,۳,بازسازی نشده,35.674189910555,51.470230768375,1.0,آسانسور ندارد,پارگینگ ندارد,انباری دارد
13500000256,north-janat-abad,70,1385.0,2.0,۱,بازسازی نشده,35.773148440177,51.304477465414,,آسانسور ندارد,پارگینگ دارد,انباری دارد
13600000000,hashemi,110,1404.0,3.0,۱ از ۴,بازسازی نشده,35.681031592265,51.363201057902,1.0,آسانسور دارد,پارگینگ دارد,انباری دارد
4790000025600,ostad-moein,75,1400.0,2.0,۳,بازسازی نشده,35.699057444723,51.344086682091,,آسانسور دارد,پارگینگ دارد,انباری دارد
6300000256,fallah,81,1399.0,2.0,۴,بازسازی نشده,35.660803521691,51.35546742107,,آسانسور دارد,پارگینگ ندارد,انباری دارد
12999999488,north-shahran,60,1404.0,1.0,۵,بازسازی نشده,35.765715387274,51.288629205578,,آسانسور دارد,پارگینگ دارد,انباری دارد
6000000000,tehransar-gharbi,73,1400.0,2.0,۲,بازسازی نشده,35.689916092699,51.248581631345,,آسانسور دارد,پارگینگ دارد,انباری دارد
3500000000,andisheh,61,1402.0,2.0,۲,بازسازی نشده,35.745245521316,51.28538221909,,آسانسور دارد,پارگینگ دارد,انباری دارد
3000000000,andisheh,55,1402.0,1.0,۲,بازسازی نشده,35.744664216945,51.284379867524,,آسانسور دارد,پارگینگ دارد,انباری دارد
2275000064,dolatkhah,65,1399.0,1.0,۲,بازسازی نشده,35.614727350135,51.343847272154,,آسانسور دارد,پارگینگ دارد,انباری دارد
6300000256,dezhkam,79,1387.0,2.0,۴,بازسازی شده,35.681030988018,51.455435956375,1.0,آسانسور ندارد,پارگینگ دارد,انباری دارد
23000000512,poonak,80,1404.0,2.0,۱,بازسازی نشده,35.761694754472,51.327506628097,,آسانسور دارد,پارگینگ دارد,انباری دارد
3000000000,andisheh,58,1402.0,1.0,۲,بازسازی نشده,35.744515053083,51.284825613526,,آسانسور دارد,پارگینگ دارد,انباری دارد
3969999872,tehransar,64,1403.0,2.0,۲,بازسازی نشده,35.690503730664,51.257161202286,,آسانسور دارد,پارگینگ دارد,انباری دارد
7000000000,dr-hoshyar,61,1392.0,2.0,۴,بازسازی نشده,35.693853398507,51.355150872921,1.0,آسانسور ندارد,پارگینگ دارد,انباری دارد
13299999744,dr-hoshyar,79,1398.0,2.0,۲ از ۴,بازسازی نشده,35.698506144469,51.347218367651,2.0,آسانسور دارد,پارگینگ دارد,انباری دارد
12499999744,shahrak-e-koohsar,66,1390.0,1.0,۱ از ۵,بازسازی شده,35.783215997978,51.333482078839,4.0,آسانسور دارد,پارگینگ ندارد,انباری ندارد
47850000384,mirdamad,145,1404.0,3.0,۲,بازسازی نشده,35.759048451235,51.438148198376,,آسانسور دارد,پارگینگ دارد,انباری دارد
6200000000,shahid-asadi,58,1384.0,1.0,۱ از ۲,بازسازی نشده,35.702790607362,51.453068617652,1.0,آسانسور ندارد,پارگینگ دارد,انباری دارد
9699999744,majid-abad,60,1385.0,1.0,۲ از ۴,بازسازی نشده,35.759896315349,51.540117211709,2.0,آسانسور ندارد,پارگینگ دارد,انباری دارد
5699999744,selsebil-shomali,63,1385.0,1.0,همکف از ۴,بازسازی نشده,35.695640563965,51.373802185059,2.0,آسانسور ندارد,پارگینگ ندارد,انباری ندارد
5800000000,jey,69,1397.0,1.0,۱,بازسازی نشده,35.678173309226,51.359855183994,,آسانسور دارد,پارگینگ ندارد,انباری دارد
4600000000,sarsabil,58,1384.0,1.0,همکف از ۵,بازسازی نشده,35.684622419896,51.379427255294,3.0,آسانسور دارد,پارگینگ دارد,انباری دارد
28500000768,south-janat-abad,123,1391.0,2.0,۴,بازسازی نشده,35.747832347832,51.298219768494,,آسانسور دارد,پارگینگ دارد,انباری دارد
449999994880,vanak,200,1403.0,3.0,۴ از ۵,بازسازی نشده,35.757231818834,51.407397418475,1.0,آسانسور دارد,پارگینگ دارد,انباری دارد
50500001792,pasdaran,155,1399.0,3.0,۳ از ۵,بازسازی شده,35.766958921679,51.462836081401,2.0,آسانسور دارد,پارگینگ دارد,انباری دارد
9200000000,selsebil-shomali,60,1402.0,1.0,۵ از ۵,بازسازی نشده,35.693932011799,51.372674997496,2.0,آسانسور دارد,پارگینگ دارد,انباری دارد
7000000000,shahr-e-ziba,87,1394.0,2.0,۲,بازسازی نشده,35.748714893934,51.291435407511,,آسانسور دارد,پارگینگ دارد,انباری دارد
5720000000,ekbatan,72,1402.0,2.0,۱,بازسازی نشده,35.716907770639,51.305073484264,,آسانسور دارد,پارگینگ دارد,انباری دارد
6000000000,east-shareq,67,1386.0,1.0,۳ از ۴,بازسازی نشده,35.708930661133,51.461938010066,1.0,آسانسور ندارد,پارگینگ ندارد,انباری ندارد
10200000512,abbasi,94,1404.0,2.0,۳ از ۵,بازسازی نشده,35.664196014404,51.385177612305,2.0,آسانسور دارد,پارگینگ دارد,انباری دارد
30499999744,sadeghiyeh,190,1386.0,4.0,۴,بازسازی شده,35.721747746536,51.336586224259,1.0,آسانسور دارد,پارگینگ دارد,انباری دارد
19299999744,north-janat-abad,95,1394.0,2.0,۱ از ۵,بازسازی نشده,35.769110313094,51.308448765684,2.0,آسانسور دارد,پارگینگ دارد,انباری دارد
2700000000,vardavard,40,1402.0,1.0,۱,بازسازی نشده,35.7318525537,51.132751624003,,آسانسور دارد,پارگینگ دارد,انباری دارد
3000000000,azad-shahr,111,1404.0,2.0,۷ از ۱۸,بازسازی نشده,35.757468246646,51.184300913744,8.0,آسانسور دارد,پارگینگ دارد,انباری دارد
12000000000,hashemi,100,1403.0,2.0,۲ از ۵,بازسازی نشده,35.683946650621,51.355034166672,2.0,آسانسور دارد,پارگینگ دارد,انباری دارد
11980000256,west-shahrak-e-golestan,90,1390.0,2.0,۶,بازسازی نشده,35.754456999526,51.216160136486,,آسانسور دارد,پارگینگ دارد,انباری دارد
3300000000,dolatkhah,70,1398.0,2.0,۳,بازسازی نشده,35.616347232565,51.342367306228,,آسانسور دارد,پارگینگ دارد,انباری دارد
52999999488,qeytariyeh,160,1397.0,3.0,۱ از ۶,بازسازی نشده,35.791799304881,51.451196004359,4.0,آسانسور دارد,پارگینگ دارد,انباری دارد
11000000512,south-janat-abad,75,1381.0,2.0,۱ از ۴,بازسازی شده,35.74289923833,51.303797660181,2.0,آسانسور ندارد,پارگینگ ندارد,انباری دارد
12999999488,west-shahrak-e-golestan,105,1384.0,2.0,۱ از ۸,بازسازی شده,35.7472300336,51.232101859059,2.0,آسانسور دارد,پارگینگ دارد,انباری دارد
4400000000,jey,58,1384.0,1.0,همکف,بازسازی نشده,35.680129179672,51.360326827845,,آسانسور ندارد,پارگینگ ندارد,انباری دارد
23100000256,aboozar,113,1388.0,3.0,۳ از ۵,بازسازی شده,35.734858220113,51.326857312303,3.0,آسانسور دارد,پارگینگ دارد,انباری دارد
27599998976,north-janat-abad,120,1404.0,2.0,۴,بازسازی نشده,35.771138438083,51.304172693142,2.0,آسانسور دارد,پارگینگ دارد,انباری دارد
8849999872,beryanak,75,1399.0,2.0,۱,بازسازی نشده,35.671060050515,51.376056359712,,آسانسور دارد,پارگینگ ندارد,انباری دارد
2280000000,west-shahrak-e-golestan,76,1404.0,2.0,بالاتر از ۳۰ از ۱۱,بازسازی نشده,35.753683380085,51.214337499138,,آسانسور دارد,پارگینگ دارد,انباری دارد
25999998976,parvaz,110,1395.0,3.0,۱۰ از ۱۱,بازسازی شده,35.790454448401,51.360821007426,,آسانسور دارد,پارگینگ دارد,انباری دارد
14300000256,kuhak,95,1399.0,2.0,۱۰,بازسازی شده,35.731945561816,51.24808823428,,آسانسور دارد,پارگینگ دارد,انباری دارد
8400000000,minay-shomali-mokhber,60,1404.0,1.0,۱ از ۶,بازسازی نشده,35.67476444645,51.451694808568,,آسانسور دارد,پارگینگ ندارد,انباری ندارد
26499999744,eram,125,1396.0,3.0,۲,بازسازی نشده,35.731716727324,51.293118715094,,آسانسور دارد,پارگینگ دارد,انباری دارد
35000000512,shams-abad,150,1404.0,3.0,۳ از ۵,بازسازی نشده,35.758094294998,51.480711378364,1.0,آسانسور دارد,پارگینگ دارد,انباری دارد
10599999488,jeyhoun,86,1397.0,2.0,۳ از ۵,بازسازی نشده,35.689630466716,51.364098385559,2.0,آسانسور دارد,پارگینگ دارد,انباری دارد
14800000000,shahr-e-ziba,80,1403.0,2.0,۴,بازسازی نشده,35.744294302146,51.295620611767,,آسانسور دارد,پارگینگ دارد,انباری دارد
17500000256,kooy-e-ferdos,96,1394.0,2.0,۴,بازسازی نشده,35.720943450928,51.321399688721,,آسانسور دارد,پارگینگ دارد,انباری دارد
2969999872,dolatkhah-shomali,41,1385.0,1.0,۳ از ۴,بازسازی نشده,35.62513203787,51.34114348869,1.0,آسانسور دارد,پارگینگ ندارد,انباری ندارد
7500000256,niroo-havayi,55,1386.0,2.0,۵,بازسازی شده,35.695383890685,51.490006693509,2.0,آسانسور دارد,پارگینگ ندارد,انباری دارد
6899999744,shokoofeh,85,1385.0,2.0,۳ از ۳,بازسازی شده,35.689882844006,51.45179024509,,آسانسور ندارد,پارگینگ دارد,انباری دارد
26200000512,south-janat-abad,115,1402.0,2.0,۲ از ۵,بازسازی شده,35.750940965618,51.306231255832,2.0,آسانسور دارد,پارگینگ دارد,انباری دارد
28999999488,darya,125,1382.0,2.0,۴ از ۴,بازسازی نشده,35.770202794971,51.371017878026,1.0,آسانسور ندارد,پارگینگ دارد,انباری دارد
13200000000,kooy-e-ferdos,73,1388.0,2.0,۴ از ۵,بازسازی شده,35.724883205456,51.319468137557,3.0,آسانسور دارد,پارگینگ دارد,انباری دارد
6499999744,andisheh,77,1402.0,2.0,۳ از ۳,بازسازی شده,35.743260211995,51.284007372044,2.0,آسانسور دارد,پارگینگ دارد,انباری دارد
7400000000,vahidiyeh,62,1385.0,2.0,۲,بازسازی شده,35.714942515092,51.469984141711,1.0,آسانسور ندارد,پارگینگ دارد,انباری دارد
7000000000,rah-ahan-tehran,98,1386.0,2.0,۳ از ۴,بازسازی شده,35.660615249733,51.405179647614,2.0,آسانسور ندارد,پارگینگ دارد,انباری دارد
51599998976,hekmat,120,1404.0,2.0,۴,بازسازی نشده,35.799019928902,51.444760008212,,آسانسور دارد,پارگینگ دارد,انباری دارد
7600000000,zehtabi,95,1404.0,2.0,۴ از ۶,بازسازی نشده,35.644072369167,51.361674196285,2.0,آسانسور دارد,پارگینگ ندارد,انباری ندارد
25500000256,gisha,86,1400.0,2.0,۴,بازسازی نشده,35.738574981689,51.377414703369,,آسانسور دارد,پارگینگ دارد,انباری دارد
13699999744,masoudieh,140,1404.0,2.0,۴ از ۵,بازسازی نشده,35.62888717651367,51.49897766113281,1.0,آسانسور دارد,پارگینگ دارد,انباری ندارد
3849999872,yakhchi-abad,35,1398.0,1.0,۴ از ۴,بازسازی نشده,35.633802674097,51.405142589945,1.0,آسانسور ندارد,پارگینگ ندارد,انباری دارد
109999996928,zafaraniyeh,230,1395.0,3.0,بالاتر از ۳۰,بازسازی نشده,35.814234634519,51.413207118948,,آسانسور دارد,پارگینگ دارد,انباری دارد
6449999872,masoudieh,64,1397.0,2.0,۴ از ۴,بازسازی نشده,35.630738230123,51.498261018143,1.0,آسانسور دارد,پارگینگ دارد,انباری دارد
3100000000,west-shahrak-e-golestan,90,1404.0,2.0,۹,بازسازی نشده,35.75207671866,51.219468256582,,آسانسور دارد,پارگینگ دارد,انباری دارد
16300000256,sazman-barname-jonubi,73,1391.0,2.0,۴,بازسازی نشده,35.725283129443,51.301819431218,,آسانسور دارد,پارگینگ دارد,انباری دارد
32999999488,sazman-barname-jonubi,140,1398.0,3.0,۲ از ۵,بازسازی شده,35.730115535624,51.302430016131,3.0,آسانسور دارد,پارگینگ دارد,انباری دارد
11500000256,aramaneh,77,1390.0,2.0,۲,بازسازی نشده,35.723599291433,51.456129461663,,آسانسور دارد,پارگینگ دارد,انباری دارد
16000000000,west-tehranpars,102,1394.0,2.0,۲,بازسازی نشده,35.747393131473,51.524855369889,2.0,آسانسور دارد,پارگینگ دارد,انباری دارد
4000000000,shahrak-e-kianshahr,64,,2.0,همکف,بازسازی نشده,35.635762999951,51.454690748859,,آسانسور ندارد,پارگینگ ندارد,انباری ندارد
600000000,parastar,105,1404.0,2.0,۴,بازسازی نشده,35.685421077307,51.48090513489,,آسانسور دارد,پارگینگ دارد,انباری دارد
2449999872,shahr-e-ziba,65,1399.0,2.0,۱,بازسازی نشده,35.748456830473,51.291114584296,,آسانسور دارد,پارگینگ دارد,انباری دارد
3500000000,shahr-e-ziba,65,1403.0,1.0,۳,بازسازی نشده,35.746263341117,51.293186970309,,آسانسور دارد,پارگینگ دارد,انباری دارد
2150000128,shahr-e-ziba,50,1398.0,1.0,۲,بازسازی نشده,35.748731305417,51.291260346323,,آسانسور دارد,پارگینگ دارد,انباری دارد
7800000000,shahr-e-ziba,100,1404.0,2.0,۳ از ۴,بازسازی نشده,35.748378102231,51.292205352314,1.0,آسانسور دارد,پارگینگ دارد,انباری دارد
1935000064,chitgar-lake,90,1404.0,2.0,۷ از +۳۰,بازسازی نشده,35.739871696615,51.214053547707,,آسانسور دارد,پارگینگ دارد,انباری دارد
20000000000,west-tehranpars,93,1403.0,2.0,۱,بازسازی شده,35.738993022177,51.536868241438,,آسانسور ندارد,پارگینگ دارد,انباری دارد
11600000000,narmak,65,1394.0,1.0,۳,بازسازی نشده,35.735804462348,51.507890159163,,آسانسور دارد,پارگینگ دارد,انباری دارد
4300000256,azad-shahr,40,1404.0,1.0,۱,بازسازی نشده,35.755334014075,51.176449439752,,آسانسور دارد,پارگینگ دارد,انباری دارد
4499999744,west-shahrak-e-golestan,155,1404.0,3.0,۱۳,بازسازی نشده,35.748007703405,51.250067931903,,آسانسور دارد,پارگینگ دارد,انباری دارد
7299999744,ostad-moein,74,1399.0,2.0,۳,بازسازی نشده,35.698499853293,51.346819622392,,آسانسور دارد,پارگینگ دارد,انباری دارد
13200000000,selsebil-shomali,78,1404.0,2.0,۲ از ۴,بازسازی نشده,35.700161935437,51.366464516767,1.0,آسانسور دارد,پارگینگ ندارد,انباری دارد
7400000000,east-shareq,54,1390.0,1.0,۲,بازسازی نشده,35.709151802339,51.459974561383,,آسانسور دارد,پارگینگ دارد,انباری دارد
6750000128,jeyhoun,50,1404.0,1.0,۲ از ۴,بازسازی نشده,35.685580134363,51.370665175709,1.0,آسانسور دارد,پارگینگ ندارد,انباری دارد
7769999872,tehran-iran,74,1384.0,2.0,۲ از ۴,بازسازی نشده,35.684992894721,51.440399933634,,آسانسور ندارد,پارگینگ ندارد,انباری دارد
10849999872,east-shareq,75,1404.0,2.0,۴,بازسازی نشده,35.716485942783,51.462579758834,1.0,آسانسور دارد,پارگینگ ندارد,انباری دارد
7797000192,khalij-e-fars,69,1391.0,2.0,۲ از ۱۰,بازسازی نشده,35.670131229695,51.267554416345,2.0,آسانسور دارد,پارگینگ دارد,انباری دارد
16800000000,azad-shahr,120,1404.0,2.0,۴,بازسازی نشده,35.74681207834,51.193703593968,,آسانسور دارد,پارگینگ دارد,انباری دارد
19399999488,sadeghiyeh,91,1394.0,2.0,۴,بازسازی نشده,35.725760040532,51.343198549958,,آسانسور دارد,پارگینگ دارد,انباری دارد
400000000,tayeb,105,1403.0,2.0,۲ از ۵,بازسازی نشده,35.660063971712,51.449708742856,4.0,آسانسور دارد,پارگینگ دارد,انباری دارد
13500000256,kooy-e-ferdos,62,1402.0,1.0,۴,بازسازی نشده,35.725295874926,51.309426770469,,آسانسور دارد,پارگینگ دارد,انباری دارد
6200000000,hashemi,52,1384.0,1.0,همکف از ۴,بازسازی شده,35.68463516235352,51.35946273803711,2.0,آسانسور ندارد,پارگینگ ندارد,انباری دارد
6499999744,tehransar,75,1403.0,2.0,۳,بازسازی نشده,35.689317496942,51.255690128647,,آسانسور دارد,پارگینگ دارد,انباری دارد
6000000000,afsariye-jonubi,66,1383.0,2.0,۲ از ۴,بازسازی شده,35.642049575082,51.489141907696,1.0,آسانسور ندارد,پارگینگ دارد,انباری دارد
3600000000,chitgar,58,1400.0,1.0,۲,بازسازی نشده,35.716069746829,51.182261606684,,آسانسور دارد,پارگینگ دارد,انباری دارد
67000000512,kamraniyeh,115,1404.0,2.0,۵ از ۲,بازسازی نشده,35.805519575315,51.459485008616,5.0,آسانسور دارد,پارگینگ دارد,انباری دارد
2520000000,azad-shahr,120,1404.0,3.0,۲۷ از +۳۰,بازسازی نشده,35.75031609594,51.175395507471,8.0,آسانسور دارد,پارگینگ دارد,انباری دارد
5800000000,jeyhoun,67,1385.0,2.0,۴ از ۴,بازسازی نشده,35.682850437578,51.368997339197,1.0,آسانسور ندارد,پارگینگ ندارد,انباری دارد
12499999744,nosrat,118,,3.0,۳ از ۴,بازسازی شده,35.703244368388,51.390159035498,1.0,آسانسور ندارد,پارگینگ ندارد,انباری ندارد
7280000000,shahrak-e-ferdows,86,1403.0,2.0,۶ از ۱۱,بازسازی نشده,35.665212599587,51.329654067416,8.0,آسانسور دارد,پارگینگ دارد,انباری دارد
11000000512,emam-khomeyni-tehran,80,1394.0,2.0,۱ از ۶,بازسازی شده,35.687976837158,51.417419433594,1.0,آسانسور دارد,پارگینگ دارد,انباری دارد
9600000000,chitgar,82,1397.0,2.0,۱,بازسازی نشده,35.719895496665,51.146257719599,,آسانسور دارد,پارگینگ دارد,انباری دارد
11200000000,eram,60,1383.0,2.0,همکف,بازسازی شده,35.731521313277,51.283639781774,,آسانسور ندارد,پارگینگ دارد,انباری دارد
4200000000,vardavard,46,1400.0,1.0,۳,بازسازی نشده,35.73890205129,51.132653999568,,آسانسور دارد,پارگینگ دارد,انباری دارد
3500000000,shahr-e-ziba,65,1403.0,2.0,۲,بازسازی نشده,35.746765909153,51.29224916276,,آسانسور دارد,پارگینگ دارد,انباری دارد
13100000256,jeyhoun,103,1402.0,2.0,۱ از ۵,بازسازی شده,35.689468743353,51.364139101184,2.0,آسانسور دارد,پارگینگ دارد,انباری دارد
6499999744,east-tehranpars,50,1381.0,1.0,۱ از ۴,بازسازی نشده,35.744044745145,51.548967732591,8.0,آسانسور ندارد,پارگینگ دارد,انباری دارد
8320000000,nezam-abad,65,1404.0,1.0,۳,بازسازی نشده,35.710636929267,51.455004024013,,آسانسور دارد,پارگینگ دارد,انباری ندارد
4390000128,shahr-e-ziba,65,1399.0,2.0,۳,بازسازی نشده,35.74690648516,51.292152591358,,آسانسور دارد,پارگینگ دارد,انباری دارد
3150000128,haftchenar,29,1399.0,1.0,۱ از ۴,بازسازی نشده,35.676063537597656,51.37010192871094,1.0,آسانسور ندارد,پارگینگ ندارد,انباری دارد
4649999872,shokoofeh,50,1380.0,1.0,همکف از ۴,بازسازی شده,35.681468149685,51.449681204932,,آسانسور ندارد,پارگینگ ندارد,انباری دارد
24000000000,central-janat-abad,93,1404.0,2.0,۳,بازسازی نشده,35.756018124578,51.300892665463,,آسانسور دارد,پارگینگ دارد,انباری دارد
10899999744,kooye-e-hefdahom-e-shahrivar,115,1402.0,2.0,۵,بازسازی نشده,35.663139884672,51.303407455499,2.0,آسانسور دارد,پارگینگ دارد,انباری دارد
2880000000,shahr-e-ziba,56,1403.0,2.0,۲,بازسازی نشده,35.745855861321,51.294150663934,,آسانسور ندارد,پارگینگ دارد,انباری دارد
18909999104,shahrak-e-darya,122,1393.0,2.0,۳ از ۴,بازسازی شده,35.684096234834,51.240284387237,1.0,آسانسور دارد,پارگینگ دارد,انباری دارد
6600000000,sarsabil,55,1395.0,1.0,۵ از ۵,بازسازی نشده,35.687443409376,51.370637424152,2.0,آسانسور دارد,پارگینگ ندارد,انباری دارد
7600000000,selsebil-shomali,70,1395.0,2.0,۳ از ۴,بازسازی نشده,35.696889246037,51.373265316844,1.0,آسانسور ندارد,پارگینگ ندارد,انباری دارد
13200000000,zahed-gilani,96,1403.0,2.0,۲ از ۶,بازسازی نشده,35.696087063292,51.458006080552,2.0,آسانسور دارد,پارگینگ دارد,انباری ندارد
64499998720,ozgol,321,1380.0,3.0,۳ از ۳,بازسازی شده,35.795032177784,51.497659937004,1.0,آسانسور ندارد,پارگینگ دارد,انباری دارد
7400000000,shahr-e-ziba,108,1403.0,2.0,۴,بازسازی نشده,35.747340542012,51.293984209822,,آسانسور دارد,پارگینگ دارد,انباری دارد
4899999744,shahrak-e-kianshahr,65,,1.0,همکف,بازسازی نشده,35.635757866231,51.45473765132,,آسانسور دارد,پارگینگ ندارد,انباری ندارد
32999999488,jordan,90,1404.0,1.0,۲,بازسازی نشده,35.760535683648,51.409655831398,,آسانسور دارد,پارگینگ دارد,انباری دارد
20500000768,tehran-iran,129,1393.0,3.0,۴ از ۵,بازسازی نشده,35.684019943573,51.442713101115,1.0,آسانسور دارد,پارگینگ دارد,انباری دارد
13749999616,eram,50,1404.0,1.0,۵,بازسازی نشده,35.729061126708984,51.28668212890625,,آسانسور دارد,پارگینگ دارد,انباری دارد
8447000064,hashemi,84,1396.0,2.0,۴ از ۵,بازسازی شده,35.683963382592,51.358914165109,3.0,آسانسور دارد,پارگینگ ندارد,انباری دارد
8499999744,hashemi,83,1396.0,2.0,۵ از ۵,بازسازی نشده,35.684053859753,51.358806451723,,آسانسور دارد,پارگینگ ندارد,انباری دارد
5699999744,marzdaran,64,1402.0,2.0,۲,بازسازی نشده,35.732649022897,51.339407546212,,آسانسور ندارد,پارگینگ دارد,انباری دارد
6098999808,soleymanieh,62,1380.0,2.0,۳ از ۴,بازسازی نشده,35.685019382209,51.461265398846,1.0,آسانسور ندارد,پارگینگ ندارد,انباری دارد
4499999744,shaharak-e-moslemin,52,1390.0,1.0,همکف,بازسازی نشده,35.6516337787,51.311885426977,,آسانسور ندارد,پارگینگ ندارد,انباری دارد
4899999744,sheykh-hadi,65,1371.0,1.0,۳,بازسازی نشده,35.693759141914,51.409926111187,,آسانسور ندارد,پارگینگ ندارد,انباری دارد
28000000000,gisha,83,1392.0,2.0,۱,بازسازی نشده,35.736287686284,51.379500660347,,آسانسور دارد,پارگینگ دارد,انباری دارد
3400000000,south-shahran,56,1402.0,2.0,۲,بازسازی نشده,35.762775293093,51.289925301854,,آسانسور ندارد,پارگینگ دارد,انباری دارد
5100000256,tehran-gorgan,35,1403.0,1.0,۴,بازسازی نشده,35.711239922196,51.45091978032,1.0,آسانسور دارد,پارگینگ دارد,انباری دارد
3800000000,azari,44,1392.0,1.0,۲,بازسازی نشده,35.6662800415,51.352948705946,1.0,آسانسور ندارد,پارگینگ دارد,انباری دارد
3849999872,azari,45,1388.0,1.0,۳,بازسازی شده,35.666291098788,51.352945372994,,آسانسور ندارد,پارگینگ ندارد,انباری ندارد
5569999872,sazman-ab,70,1403.0,2.0,۲,بازسازی نشده,35.740982955558,51.28915271115,,آسانسور دارد,پارگینگ دارد,انباری دارد
5600000000,haftchenar,57,1389.0,2.0,۱ از ۴,بازسازی نشده,35.671250013409,51.369673308647,1.0,آسانسور ندارد,پارگینگ ندارد,انباری دارد
4499999744,shaharak-e-moslemin,46,1390.0,1.0,۴,بازسازی نشده,35.650174210457,51.312917294206,,آسانسور دارد,پارگینگ دارد,انباری ندارد
5500000256,azari,62,1392.0,2.0,۲,بازسازی نشده,35.666272399896,51.352936098005,,آسانسور دارد,پارگینگ دارد,انباری دارد
99999997952,darrous,265,1404.0,4.0,۲ از ۴,بازسازی نشده,35.773624,51.456184,2.0,آسانسور دارد,پارگینگ دارد,انباری دارد
4200000000,soleymanieh,41,1391.0,1.0,۲,بازسازی شده,35.681572122525,51.462252704168,,آسانسور دارد,پارگینگ ندارد,انباری دارد
32000000000,shahrak-naft-district5,135,1399.0,2.0,۳,بازسازی نشده,35.783084579291,51.336632533422,,آسانسور دارد,پارگینگ دارد,انباری دارد
5600000000,zahed-gilani,57,1391.0,1.0,۱,بازسازی نشده,35.697624446086,51.459663625424,2.0,آسانسور دارد,پارگینگ ندارد,انباری ندارد
23750000640,west-shahrak-e-golestan,95,1404.0,2.0,۳ از ۱۹,بازسازی نشده,35.750221322646,51.240843364299,7.0,آسانسور دارد,پارگینگ دارد,انباری دارد
2900000000,dolatkhah,60,1398.0,1.0,۱,بازسازی نشده,35.616530585889,51.342531941808,,آسانسور دارد,پارگینگ دارد,انباری دارد
70000001024,yousef-abad,200,1402.0,3.0,۴,بازسازی نشده,35.734325408936,51.404937744141,,آسانسور دارد,پارگینگ دارد,انباری دارد
58500001792,farmaniyeh,180,1389.0,3.0,۱,بازسازی نشده,35.79582431872,51.470721165097,,آسانسور دارد,پارگینگ دارد,انباری دارد
6600000012288,tehran-zanjan,63,1382.0,1.0,۳,بازسازی نشده,35.694425982476,51.363464634049,1.0,آسانسور ندارد,پارگینگ ندارد,انباری دارد
70000001024,pasdaran,177,1399.0,3.0,۳ از ۵,بازسازی نشده,35.765515307486,51.464106290748,2.0,آسانسور دارد,پارگینگ دارد,انباری دارد
12199999488,shahrak-e-parvaz,80,1386.0,2.0,۲ از ۴,بازسازی شده,35.729838892658,51.304809333774,2.0,آسانسور ندارد,پارگینگ دارد,انباری دارد
20000000000,shahrak-naft-district5,85,1398.0,2.0,۵ از ۱۱,بازسازی شده,35.78591453273,51.333837588938,,آسانسور دارد,پارگینگ دارد,انباری دارد
7500000256,haft-hoz,60,1376.0,2.0,زیرهمکف از ۴,بازسازی نشده,35.729441273975,51.49352132311,1.0,آسانسور ندارد,پارگینگ ندارد,انباری دارد
1500000000,azad-shahr,102,1404.0,2.0,۲۰ از ۲۵,بازسازی نشده,35.754108669063,51.203233026706,8.0,آسانسور دارد,پارگینگ دارد,انباری دارد
71999995904,heravi,180,1404.0,3.0,۵,بازسازی نشده,35.767845760128,51.479112914202,,آسانسور دارد,پارگینگ دارد,انباری دارد
26499999744,shams-abad,140,1404.0,3.0,۶,بازسازی نشده,35.755645180071,51.480520056986,,آسانسور دارد,پارگینگ دارد,انباری دارد
2800000000,tehransar-gharbi,46,1397.0,1.0,۵,بازسازی شده,35.693240042881,51.246305,,آسانسور دارد,پارگینگ دارد,انباری دارد
22000001024,bahar,110,1404.0,3.0,۳ از ۵,بازسازی نشده,35.715375228401,51.431842927458,1.0,آسانسور دارد,پارگینگ دارد,انباری دارد
24500000768,shahr-e-ziba,133,1403.0,3.0,۱۳,بازسازی نشده,35.752852717239,51.288191026834,,آسانسور دارد,پارگینگ دارد,انباری دارد
13200000000,qasemabad,94,1395.0,2.0,۵,بازسازی شده,35.708577989371,51.473285744949,2.0,آسانسور دارد,پارگینگ دارد,انباری ندارد
3500000000,shahr-e-ziba,65,1399.0,2.0,۲ از ۵,بازسازی شده,35.748052455786,51.291811848047,2.0,آسانسور دارد,پارگینگ دارد,انباری دارد
9100000256,aramaneh,65,1404.0,1.0,۱,بازسازی نشده,35.719368191601,51.457616012513,,آسانسور دارد,پارگینگ ندارد,انباری ندارد
4800000000,sattarkhan,68,1399.0,2.0,۲,بازسازی نشده,35.721076808992,51.349908117065,,آسانسور دارد,پارگینگ دارد,انباری دارد
4750000128,jeyhoun,45,1388.0,1.0,۱,بازسازی نشده,35.681827771762,51.364671274083,,آسانسور ندارد,پارگینگ ندارد,انباری دارد
12499999744,west-tehranpars,64,1391.0,2.0,۱,بازسازی شده,35.74176406860352,51.53206253051758,2.0,آسانسور ندارد,پارگینگ دارد,انباری دارد
4689999872,shahr-e-ziba,71,1390.0,2.0,۲,بازسازی نشده,35.747100443078,51.291067863529,,آسانسور دارد,پارگینگ دارد,انباری دارد
4680000000,selsebil-shomali,38,1388.0,1.0,۳ از ۳,بازسازی نشده,35.691539449142,51.372907776764,1.0,آسانسور ندارد,پارگینگ دارد,انباری دارد
51000000512,zafar,150,1404.0,3.0,۱,بازسازی نشده,35.769901275634766,51.42812347412109,,آسانسور دارد,پارگینگ دارد,انباری دارد
6099999744,tehran-gorgan,46,1393.0,1.0,۲,بازسازی نشده,35.715301391849,51.455142572057,,آسانسور دارد,پارگینگ ندارد,انباری دارد
4550000128,selsebil-shomali,38,1388.0,1.0,۳ از ۴,بازسازی نشده,35.693654942077,51.369873912804,2.0,آسانسور ندارد,پارگینگ دارد,انباری دارد
30000001024,yousef-abad,100,1404.0,2.0,۵,بازسازی نشده,35.737028930311,51.405726425061,,آسانسور دارد,پارگینگ دارد,انباری دارد
3000000000,shahr-e-ziba,68,1400.0,2.0,۲ از ۵,بازسازی شده,35.748093440303,51.286555113228,3.0,آسانسور دارد,پارگینگ دارد,انباری دارد
20000000000,shahrak-e-cheshmeh,108,1404.0,2.0,۱ از ۳,بازسازی نشده,35.750539183489,51.266383221571,1.0,آسانسور دارد,پارگینگ دارد,انباری دارد
54999998464,zafar,157,1404.0,3.0,۲,بازسازی نشده,35.767795222959,51.432552083363,,آسانسور دارد,پارگینگ دارد,انباری دارد
4000000000,tehransar-markazi,76,1399.0,2.0,۲,بازسازی نشده,35.696266792324,51.256803988904,,آسانسور دارد,پارگینگ دارد,انباری دارد
9500000256,dr-hoshyar,60,1380.0,1.0,۴,بازسازی نشده,35.694310710276,51.356193151268,,آسانسور دارد,پارگینگ دارد,انباری دارد
7000000000,ostad-moein,56,1388.0,2.0,۱ از ۴,بازسازی نشده,35.699090858801,51.34527945399,1.0,آسانسور ندارد,پارگینگ ندارد,انباری دارد
89999998976,west-shahrak-e-golestan,300,1390.0,3.0,۲,بازسازی نشده,35.7523593,51.24089,,آسانسور ندارد,پارگینگ دارد,انباری دارد
12899999744,tarasht,75,1396.0,2.0,۴ از ۴,بازسازی شده,35.706728178589,51.347848611007,2.0,آسانسور دارد,پارگینگ دارد,انباری دارد
38000001024,kooy-e-ferdos,150,1400.0,3.0,۳,بازسازی نشده,35.724849481938,51.319377641314,,آسانسور دارد,پارگینگ دارد,انباری دارد
12899999744,tehransar,88,1395.0,2.0,۱,بازسازی شده,35.692905881036,51.253631902587,,آسانسور دارد,پارگینگ دارد,انباری دارد
1680000000,azad-shahr,80,1404.0,3.0,۱۷ از +۳۰,بازسازی شده,35.74998040824,51.17518938517,8.0,آسانسور دارد,پارگینگ دارد,انباری دارد
6300000256,hashemi,60,1390.0,2.0,۴ از ۴,بازسازی شده,35.688698592417,51.363991700884,1.0,آسانسور ندارد,پارگینگ دارد,انباری دارد
2700000000,university-of-sharif,84,1404.0,2.0,۴,بازسازی نشده,35.705844302562,51.35394670736,,آسانسور دارد,پارگینگ دارد,انباری دارد
49999998976,kooy-e-ferdos,195,1403.0,3.0,۳,بازسازی نشده,35.724894019585,51.319351138924,1.0,آسانسور دارد,پارگینگ دارد,انباری دارد
21600000000,central-janat-abad,112,1398.0,2.0,۱,بازسازی نشده,35.759044647217,51.303821563721,,آسانسور دارد,پارگینگ دارد,انباری دارد
16400000000,shahrak-e-parvaz,76,1385.0,2.0,۳,بازسازی نشده,35.723477674405,51.303194631118,,آسانسور دارد,پارگینگ دارد,انباری دارد
6049999872,selsebil-shomali,42,1404.0,1.0,۲ از ۴,بازسازی نشده,35.693654942077,51.369873912804,2.0,آسانسور دارد,پارگینگ ندارد,انباری دارد
3000000000,sazman-ab,40,1397.0,1.0,۳,بازسازی نشده,35.741815938968,51.292634261437,,آسانسور ندارد,پارگینگ دارد,انباری دارد
23000000512,kooy-e-bimeh,120,1404.0,2.0,۴ از ۵,بازسازی نشده,35.705776097123,51.319155205847,2.0,آسانسور دارد,پارگینگ دارد,انباری دارد
15000000512,tehran-gorgan,47,1375.0,1.0,۱ از ۳,بازسازی نشده,35.715957173999,51.454844617044,,آسانسور ندارد,پارگینگ دارد,انباری دارد
11050000384,azari,120,1397.0,3.0,۵,بازسازی نشده,35.666299032129,51.352922913999,,آسانسور دارد,پارگینگ دارد,انباری دارد
990000000,chitgar,55,1404.0,1.0,۱۴ از ۲۰,بازسازی نشده,35.715301071851,51.152812557621,4.0,آسانسور دارد,پارگینگ دارد,انباری دارد
11500000256,ostad-moein,80,1403.0,2.0,۴ از ۵,بازسازی نشده,35.68877156854,51.346185394901,1.0,آسانسور دارد,پارگینگ دارد,انباری دارد
3800000000,sardar-e-jangal,56,1400.0,1.0,۳ از ۷,بازسازی شده,35.763433147095,51.32174371776,3.0,آسانسور دارد,پارگینگ دارد,انباری دارد
9370000384,varzeshgah-azadi,110,1404.0,2.0,۱۴,بازسازی نشده,35.741913449809,51.255798449649,,آسانسور دارد,پارگینگ دارد,انباری دارد
1260000000,azad-shahr,140,1404.0,3.0,۱۸ از ۲۵,بازسازی نشده,35.756415319742,51.179435907533,8.0,آسانسور دارد,پارگینگ دارد,انباری دارد
4200000000,jeyhoun,44,1379.0,1.0,۱,بازسازی شده,35.684413311512,51.364444366882,,آسانسور ندارد,پارگینگ ندارد,انباری دارد
14000000000,moniriyeh,90,1404.0,2.0,۲,بازسازی نشده,35.682378363664,51.407354054194,1.0,آسانسور دارد,پارگینگ دارد,انباری دارد
17500000256,saadat-abad,62,1385.0,2.0,۴,بازسازی نشده,35.779162699787,51.372203626679,,آسانسور دارد,پارگینگ دارد,انباری دارد
8999999488,north-janat-abad,90,1398.0,2.0,۲,بازسازی نشده,35.770044445935,51.306694537168,,آسانسور دارد,پارگینگ دارد,انباری دارد
24000000000,poonak,90,1398.0,2.0,۳,بازسازی نشده,35.762113992921,51.325657005657,,آسانسور دارد,پارگینگ دارد,انباری دارد
4600000000,hashem-abad,60,1384.0,2.0,۳ از ۴,بازسازی شده,35.650355405241,51.466761114597,1.0,آسانسور ندارد,پارگینگ ندارد,انباری ندارد
6179999744,selsebil-shomali,56,1393.0,1.0,۱,بازسازی نشده,35.695320957915,51.375632748204,1.0,آسانسور دارد,پارگینگ ندارد,انباری دارد
35000000512,south-janat-abad,140,1403.0,3.0,۵ از ۵,بازسازی نشده,35.747127164182,51.306139983207,1.0,آسانسور دارد,پارگینگ دارد,انباری دارد
4750000128,sar-asiyab-mehr-abad,50,1383.0,1.0,۴ از ۴,بازسازی شده,35.673696366044,51.327062752957,1.0,آسانسور ندارد,پارگینگ دارد,انباری ندارد
85000003584,darrous,200,1397.0,3.0,۴,بازسازی نشده,35.772650228464,51.456116036611,,آسانسور دارد,پارگینگ دارد,انباری دارد
33999998976,sazman-barname-jonubi,135,1397.0,3.0,۲,بازسازی نشده,35.727098983972,51.303903121123,,آسانسور دارد,پارگینگ دارد,انباری دارد
24000000000,bagh-feyz,116,1401.0,2.0,۲ از ۵,بازسازی نشده,35.7422054,51.3178937,2.0,آسانسور دارد,پارگینگ دارد,انباری دارد
27499999232,tehran-pars,143,1398.0,3.0,۱ از ۴,بازسازی نشده,35.728979888065,51.519837119313,1.0,آسانسور دارد,پارگینگ دارد,انباری دارد
10800000000,azari,112,1404.0,2.0,۴ از ۵,بازسازی نشده,35.667056601195,51.352751636371,2.0,آسانسور دارد,پارگینگ دارد,انباری دارد
8650000384,zahed-gilani,62,1404.0,2.0,۱ از ۵,بازسازی نشده,35.69331837481,51.458136897293,1.0,آسانسور دارد,پارگینگ ندارد,انباری دارد
3000000000,jeyhoun,40,1384.0,1.0,۳,بازسازی شده,35.686723202552,51.366987569754,,آسانسور ندارد,پارگینگ ندارد,انباری دارد
32500000768,hasan-abad-shomali,100,1404.0,2.0,۱,بازسازی نشده,35.732270907169,51.314553887101,,آسانسور دارد,پارگینگ دارد,انباری دارد
20000000000,sazman-barname-jonubi,105,1404.0,2.0,۵ از ۵,بازسازی نشده,35.732333800142,51.299479291996,2.0,آسانسور دارد,پارگینگ دارد,انباری دارد
11600000000,ostad-moein,80,1402.0,2.0,۴ از ۵,بازسازی نشده,35.692084426112,51.345558613803,2.0,آسانسور دارد,پارگینگ دارد,انباری دارد
2300000000,shahr-e-ziba,41,1395.0,1.0,۲,بازسازی شده,35.74696245289,51.292621592611,,آسانسور دارد,پارگینگ دارد,انباری دارد
14000000000,ostad-moein,101,1399.0,2.0,۳ از ۵,بازسازی نشده,35.694496826948,51.343442422343,1.0,آسانسور دارد,پارگینگ دارد,انباری دارد
9200000000,ostad-moein,54,1404.0,1.0,۴ از ۵,بازسازی نشده,35.691923063673,51.344900747969,1.0,آسانسور دارد,پارگینگ دارد,انباری دارد
2300000000,shahr-e-ziba,52,1391.0,1.0,۱,بازسازی نشده,35.746429751596,51.290688283505,,آسانسور دارد,پارگینگ دارد,انباری دارد
2440000000,habibollah,84,1404.0,2.0,۱ از ۴,بازسازی نشده,35.717995340259,51.360341760706,,آسانسور دارد,پارگینگ دارد,انباری دارد
3980000000,sarsabil,45,1376.0,1.0,۲ از ۳,بازسازی شده,35.687531678329,51.373354231558,1.0,آسانسور ندارد,پارگینگ ندارد,انباری دارد
3849999872,emam-zade-abdollah,40,1390.0,1.0,۴ از ۴,بازسازی شده,35.677985268487,51.349294872355,1.0,آسانسور ندارد,پارگینگ ندارد,انباری دارد
5500000256,shahid-asadi,62,1394.0,2.0,۱ از ۴,بازسازی نشده,35.700684634592,51.458512677715,1.0,آسانسور ندارد,پارگینگ ندارد,انباری ندارد
3900000000,north-janat-abad,50,1400.0,1.0,۴,بازسازی نشده,35.768805575694,51.304568328953,,آسانسور دارد,پارگینگ دارد,انباری دارد
14499999744,north-janat-abad,75,1388.0,2.0,۱,بازسازی نشده,35.768191461462,51.304250453555,,آسانسور دارد,پارگینگ دارد,انباری دارد
19800000512,chub-tarash,96,1396.0,2.0,۳ از ۴,بازسازی نشده,35.716802446862,51.348769497348,1.0,آسانسور دارد,پارگینگ دارد,انباری دارد
3489999872,shahr-e-ziba,66,1401.0,2.0,۱ از ۳,بازسازی نشده,35.74698485,51.286959124983,2.0,آسانسور دارد,پارگینگ دارد,انباری دارد
54999998464,ajoodanieh,185,1385.0,3.0,۴,بازسازی شده,35.807709046694,51.485029395336,,آسانسور دارد,پارگینگ دارد,انباری دارد
5500000256,khaje-nezam-molk,45,1385.0,1.0,۲,بازسازی شده,35.710161137364,51.446105973508,1.0,آسانسور ندارد,پارگینگ دارد,انباری دارد
6600000000,jeyhoun,63,1382.0,1.0,۳,بازسازی شده,35.690162658691406,51.36696243286133,,آسانسور ندارد,پارگینگ ندارد,انباری دارد
5000000000,shahr-e-ziba,60,1399.0,2.0,۲ از ۳,بازسازی نشده,35.750645629567,51.288892694563,2.0,آسانسور دارد,پارگینگ دارد,انباری دارد
10200000512,jeyhoun,95,1393.0,2.0,۱ از ۵,بازسازی شده,35.685052882204,51.364500345534,2.0,آسانسور دارد,پارگینگ دارد,انباری ندارد
19499999232,niloufar,58,1404.0,1.0,۳ از ۵,بازسازی نشده,35.739709521114,51.44406186361,3.0,آسانسور دارد,پارگینگ دارد,انباری دارد
39300001792,niloufar,133,1403.0,3.0,۳,بازسازی نشده,35.734685397858,51.437638056877,,آسانسور دارد,پارگینگ دارد,انباری دارد
26950000640,abbas-abad,98,1403.0,2.0,۲,بازسازی نشده,35.727539198047,51.44239628011,4.0,آسانسور دارد,پارگینگ دارد,انباری دارد
3849999872,sarsabil,42,1378.0,1.0,۲,بازسازی شده,35.687635359795,51.372952000815,1.0,آسانسور ندارد,پارگینگ ندارد,انباری ندارد
5699999744,north-shahran,61,1399.0,2.0,۲ از ۴,بازسازی نشده,35.765100158525,51.291778142956,2.0,آسانسور دارد,پارگینگ دارد,انباری دارد
12899999744,jeyhoun,115,1400.0,2.0,۶ از ۶,بازسازی نشده,35.68859767651,51.364209202439,2.0,آسانسور دارد,پارگینگ دارد,انباری دارد
4249999872,shahr-e-ziba,68,1399.0,2.0,۱,بازسازی نشده,35.749931811047,51.292300428013,,آسانسور دارد,پارگینگ دارد,انباری دارد
5000000000,imam-sajjad,80,1378.0,1.0,۲,بازسازی نشده,35.65594671843,51.361972531212,1.0,آسانسور ندارد,پارگینگ ندارد,انباری دارد
2064999936,dolatkhah,59,1400.0,1.0,۱,بازسازی نشده,35.611724725297,51.344208158089,,آسانسور دارد,پارگینگ دارد,انباری دارد
5299999744,anbar-naft,67,1400.0,2.0,۲ از ۵,بازسازی نشده,35.663679180932,51.389872020664,2.0,آسانسور دارد,پارگینگ ندارد,انباری ندارد
10000000000,shahid-dastgheyb,75,1401.0,2.0,۲ از ۵,بازسازی نشده,35.686122564488,51.348659257047,2.0,آسانسور دارد,پارگینگ دارد,انباری دارد
6899999744,beryanak,68,1383.0,2.0,۳ از ۴,بازسازی نشده,35.673974539587,51.373776013097,1.0,آسانسور ندارد,پارگینگ دارد,انباری دارد
35000000512,pasdaran,117,1402.0,2.0,۱ از ۵,بازسازی نشده,35.780370584915,51.467888680226,2.0,آسانسور دارد,پارگینگ دارد,انباری دارد
9600000000,north-janat-abad,90,1403.0,2.0,۲,بازسازی نشده,35.770884764198,51.314040636412,,آسانسور دارد,پارگینگ دارد,انباری دارد
12899999744,hashemi,115,1400.0,2.0,۶ از ۶,بازسازی نشده,35.686222168896,51.357315717586,2.0,آسانسور دارد,پارگینگ دارد,انباری دارد
17799999488,dr-hoshyar,110,1402.0,2.0,۵ از ۵,بازسازی شده,35.698786087442,51.347616120371,2.0,آسانسور دارد,پارگینگ دارد,انباری دارد
6550000128,tehran-zanjan,63,1382.0,1.0,۳,بازسازی شده,35.693720338886,51.36321418658,,آسانسور ندارد,پارگینگ ندارد,انباری دارد
109199998976,aboozar,260,1404.0,4.0,۲,بازسازی نشده,35.729555889858,51.326494630207,,آسانسور دارد,پارگینگ دارد,انباری دارد
10200000512,ostad-moein,76,1404.0,2.0,۱ از ۵,بازسازی نشده,35.693730783515,51.346054941982,1.0,آسانسور دارد,پارگینگ ندارد,انباری ندارد
4499999744,nazi-abad,55,1381.0,1.0,۳,بازسازی شده,35.640479153507,51.392658834673,,آسانسور ندارد,پارگینگ ندارد,انباری ندارد
19850000384,sattarkhan,83,1395.0,2.0,۴ از ۵,بازسازی نشده,35.72380119328,51.355745974524,2.0,آسانسور دارد,پارگینگ دارد,انباری دارد
8000000000,bagh-khazaneh,78,1394.0,2.0,۴,بازسازی شده,35.667158935953,51.370556083181,1.0,آسانسور دارد,پارگینگ ندارد,انباری دارد
17600000000,tarasht,120,1402.0,3.0,۱,بازسازی نشده,35.711575470897,51.344236459178,1.0,آسانسور دارد,پارگینگ دارد,انباری دارد
4920000000,shahr-e-ziba,68,1400.0,1.0,۳,بازسازی نشده,35.748727051327,51.291204354153,,آسانسور دارد,پارگینگ دارد,انباری دارد
3520000000,shahr-e-ziba,50,1401.0,1.0,۲,بازسازی نشده,35.747116870543,51.290858315528,,آسانسور دارد,پارگینگ دارد,انباری دارد
5100000256,jeyhoun,52,1381.0,1.0,۳ از ۴,بازسازی شده,35.694969018376,51.363536883406,1.0,آسانسور ندارد,پارگینگ ندارد,انباری دارد
52500000,poonak,142,1404.0,3.0,۲,بازسازی نشده,35.767409118461,51.332551273497,,آسانسور دارد,پارگینگ دارد,انباری دارد
11299999744,estakhr,110,1385.0,2.0,۲,بازسازی نشده,35.758339016786,51.572058816647,,آسانسور دارد,پارگینگ ندارد,انباری دارد
5900000256,moqadam,69,1403.0,2.0,۴,بازسازی نشده,35.65375683556,51.371286270732,1.0,آسانسور دارد,پارگینگ دارد,انباری دارد
2649999872,tehransar-shomali,40,1400.0,1.0,۲ از ۳,بازسازی نشده,35.699671824078,51.260790745381,2.0,آسانسور دارد,پارگینگ دارد,انباری دارد
4300000256,beryanak,50,1395.0,1.0,۱ از ۴,بازسازی نشده,35.670881151395,51.377288164464,1.0,آسانسور دارد,پارگینگ ندارد,انباری دارد
8899999744,shahrak-kharazi,111,1404.0,2.0,۱۰ از ۲۵,بازسازی نشده,35.754746462573,51.159938932817,,آسانسور دارد,پارگینگ دارد,انباری دارد
9100000256,tehran-zanjan,80,1397.0,2.0,۱,بازسازی نشده,35.699728524043,51.362977535479,,آسانسور دارد,پارگینگ دارد,انباری دارد
14899999744,azad-shahr,105,1404.0,2.0,۱۶,بازسازی نشده,35.753616826951,51.203108893031,,آسانسور دارد,پارگینگ دارد,انباری دارد
17400000512,dr-hoshyar,107,1401.0,2.0,۵ از ۵,بازسازی نشده,35.697363497517,51.352607051051,2.0,آسانسور دارد,پارگینگ دارد,انباری دارد
4300000256,ostad-moein,65,1400.0,2.0,۲,بازسازی نشده,35.695431497076,51.342110524541,,آسانسور دارد,پارگینگ دارد,انباری دارد
8899999744,hafezie,60,1380.0,1.0,۱,بازسازی شده,35.703289932566,51.492939408062,,آسانسور ندارد,پارگینگ ندارد,انباری دارد
40000000000,tehranvila,117,1404.0,2.0,۴,بازسازی نشده,35.722269564999,51.368845576918,1.0,آسانسور دارد,پارگینگ دارد,انباری دارد
13600000000,haft-hoz,77,1399.0,2.0,۱ از ۴,بازسازی نشده,35.724221313458,51.488177449321,1.0,آسانسور دارد,پارگینگ دارد,انباری دارد
5100000256,tehran-zanjan,52,1381.0,1.0,۳ از ۴,بازسازی شده,35.693901818184,51.358899317914,1.0,آسانسور ندارد,پارگینگ ندارد,انباری دارد
5000000000,abouzar,58,1385.0,1.0,۴ از ۴,بازسازی نشده,35.6556368,51.4765131,2.0,آسانسور ندارد,پارگینگ ندارد,انباری ندارد
2600000000,dolatkhah,55,1398.0,1.0,۲,بازسازی نشده,35.621666723291,51.33962888695,,آسانسور دارد,پارگینگ دارد,انباری دارد
4100000000,soleymani,48,1386.0,1.0,۲,بازسازی نشده,35.673817368694,51.360409823942,,آسانسور ندارد,پارگینگ ندارد,انباری دارد
6750000128,shaharak-e-esteqlal,83,1399.0,2.0,۲,بازسازی نشده,35.705765629503,51.215962708843,,آسانسور دارد,پارگینگ دارد,انباری دارد
24750000128,sazman-ab,136,1397.0,3.0,۲,بازسازی نشده,35.736665337459,51.290275189282,,آسانسور دارد,پارگینگ دارد,انباری دارد
24600000512,sazman-ab,160,1396.0,3.0,۹ از ۹,بازسازی نشده,35.74376054489,51.285750806799,2.0,آسانسور دارد,پارگینگ دارد,انباری دارد
17999998976,north-janat-abad,91,1404.0,2.0,۵,بازسازی نشده,35.768125060854,51.304306023408,,آسانسور دارد,پارگینگ دارد,انباری دارد
13299999744,tarasht,80,1395.0,2.0,۳ از ۵,بازسازی نشده,35.706779078902,51.345911865507,2.0,آسانسور دارد,پارگینگ دارد,انباری دارد
12899999744,hashemi,115,1400.0,2.0,۶ از ۶,بازسازی نشده,35.686809947086,51.364142877627,2.0,آسانسور دارد,پارگینگ دارد,انباری دارد
4800000000,shahrak-pasdaran,60,1400.0,2.0,۳,بازسازی شده,35.693083409355,51.260218981576,,آسانسور دارد,پارگینگ دارد,انباری دارد
4000000000,shadabad,67,1389.0,1.0,۳,بازسازی شده,35.65445766368,51.305255241332,,آسانسور ندارد,پارگینگ ندارد,انباری دارد
14499999744,jeyhoun,120,1404.0,3.0,۴ از ۵,بازسازی نشده,35.683499065551,51.364766347691,2.0,آسانسور دارد,پارگینگ دارد,انباری دارد
5760000000,shadabad,96,1385.0,2.0,۴,بازسازی نشده,35.656116833033,51.301525195767,1.0,آسانسور ندارد,پارگینگ دارد,انباری دارد
8499999744,tehran-gorgan,75,1381.0,2.0,۳ از ۳,بازسازی شده,35.70993237717,51.450036430749,2.0,آسانسور ندارد,پارگینگ دارد,انباری دارد
1900000000,abshar-tehran,50,1404.0,1.0,۸,بازسازی نشده,35.760178858967,51.227398696977,,آسانسور دارد,پارگینگ دارد,انباری دارد
12600000512,sarsabz,52,1392.0,1.0,۴ از ۴,بازسازی نشده,35.732463252486,51.498099145015,1.0,آسانسور دارد,پارگینگ دارد,انباری ندارد
23900000256,sazman-ab,156,1396.0,3.0,۹ از ۹,بازسازی نشده,35.74376054489,51.285750806799,2.0,آسانسور دارد,پارگینگ دارد,انباری دارد
4750000128,sadeghiyeh,69,1398.0,2.0,۱,بازسازی نشده,35.722532951614,51.340111821307,,آسانسور دارد,پارگینگ دارد,انباری دارد
8600000512,north-janat-abad,52,1385.0,1.0,۳,بازسازی شده,35.775458181297,51.304584312409,,آسانسور ندارد,پارگینگ ندارد,انباری ندارد
5200000000,ostad-moein,80,1402.0,2.0,۲,بازسازی نشده,35.697814028576,51.346151512133,,آسانسور دارد,پارگینگ دارد,انباری دارد
16499999744,azad-shahr,120,1404.0,2.0,۲۰,بازسازی نشده,35.757035165772,51.178905614392,,آسانسور دارد,پارگینگ دارد,انباری دارد
8499999744,central-janat-abad,52,1385.0,1.0,۳,بازسازی شده,35.7633975976,51.304282926944,,آسانسور ندارد,پارگینگ ندارد,انباری ندارد
6800000000,vahidiyeh,68,1380.0,2.0,۲,بازسازی نشده,35.711882931067,51.474065731182,,آسانسور ندارد,پارگینگ دارد,انباری دارد
15299999744,shahrak-e-parvaz,80,1385.0,2.0,همکف,بازسازی شده,35.726474807457,51.3052821548,,آسانسور ندارد,پارگینگ دارد,انباری دارد
8499999744,afsariye-jonubi,67,1401.0,2.0,۱ از ۴,بازسازی نشده,35.643543137537,51.487857231889,1.0,آسانسور دارد,پارگینگ دارد,انباری دارد
5720000000,dolatkhah,88,1400.0,2.0,۲ از ۲,بازسازی نشده,35.617495939451,51.342046781045,2.0,آسانسور دارد,پارگینگ دارد,انباری دارد
81299996672,darrous,240,1390.0,4.0,۵ از ۸,بازسازی نشده,35.774171710472,51.451185384574,3.0,آسانسور دارد,پارگینگ دارد,انباری دارد
24000000425984,west-shahrak-e-golestan,120,1384.0,2.0,۲,بازسازی نشده,35.755800844509,51.249070362986,,آسانسور ندارد,پارگینگ دارد,انباری دارد
3120000000,andisheh,44,1398.0,1.0,۲,بازسازی نشده,35.749624208905,51.285880848992,,آسانسور ندارد,پارگینگ دارد,انباری دارد
20400001024,sazman-ab,124,1386.0,2.0,۳,بازسازی نشده,35.736584947609,51.290123462677,,آسانسور دارد,پارگینگ دارد,انباری دارد
11989999616,kooy-e-ferdos,99,1387.0,2.0,۳,بازسازی نشده,35.721263091299,51.326827690744,,آسانسور ندارد,پارگینگ دارد,انباری دارد
14300000256,shahin,95,1392.0,2.0,۳ از ۴,بازسازی نشده,35.753427076919,51.312232774808,1.0,آسانسور ندارد,پارگینگ دارد,انباری دارد
19490000896,kooy-e-ferdos,100,1392.0,2.0,۴,بازسازی نشده,35.727222889523,51.315427134592,,آسانسور دارد,پارگینگ دارد,انباری دارد
19989999616,kooy-e-ferdos,100,1395.0,2.0,۴,بازسازی نشده,35.727222889523,51.315427134592,,آسانسور دارد,پارگینگ دارد,انباری دارد
15200000000,shadman,89,1404.0,2.0,۳,بازسازی نشده,35.706432271013,51.364816466854,1.0,آسانسور دارد,پارگینگ دارد,انباری دارد
16000000000,sazamn-barnameh,70,1381.0,2.0,۳,بازسازی نشده,35.739003783809,51.301099937833,,آسانسور ندارد,پارگینگ دارد,انباری دارد
15000000512,south-shahran,97,1383.0,2.0,۴ از ۵,بازسازی نشده,35.761741248987,51.289604078896,,آسانسور دارد,پارگینگ دارد,انباری دارد
28000000000,darrous,75,1398.0,3.0,۵ از ۶,بازسازی نشده,35.766714139037,51.449455769709,2.0,آسانسور دارد,پارگینگ دارد,انباری دارد
49999998976,jordan,235,1380.0,3.0,۳ از ۴,بازسازی نشده,35.767509992702,51.416413706055,2.0,آسانسور دارد,پارگینگ دارد,انباری دارد
7500000256,selsebil-shomali,92,1390.0,2.0,۴ از ۴,بازسازی شده,35.696513166542,51.3780014262,,آسانسور دارد,پارگینگ ندارد,انباری دارد
15200000000,shadman,88,1404.0,2.0,۳,بازسازی نشده,35.704405204351,51.363909314111,1.0,آسانسور دارد,پارگینگ دارد,انباری دارد
35000000512,south-janat-abad,15037,1399.0,3.0,۲,بازسازی نشده,35.750183214491,51.308020769431,2.0,آسانسور دارد,پارگینگ دارد,انباری دارد
7500000256,eskandari,60,1397.0,2.0,۴,بازسازی شده,35.681861881448,51.380402931771,1.0,آسانسور دارد,پارگینگ دارد,انباری دارد
16099999744,shahin,75,1387.0,2.0,۲ از ۵,بازسازی شده,35.758011103088,51.317560577415,,آسانسور دارد,پارگینگ دارد,انباری دارد
37619998720,tehran-jolfa,114,1403.0,2.0,۱ از ۵,بازسازی نشده,35.747947469324,51.448617971787,2.0,آسانسور دارد,پارگینگ دارد,انباری دارد
12499999744,west-tehranpars,94,1374.0,2.0,۲ از ۴,بازسازی شده,35.738252001686,51.527001867702,1.0,آسانسور ندارد,پارگینگ ندارد,انباری دارد
12800000000,narmak,58,1404.0,1.0,۵,بازسازی نشده,35.737377225645,51.492432536344,,آسانسور دارد,پارگینگ دارد,انباری دارد
7200000000,khaje-nezam-molk,60,1380.0,2.0,همکف,بازسازی نشده,35.712336775755,51.450987292507,,آسانسور ندارد,پارگینگ ندارد,انباری دارد
6700000256,khaje-nezam-molk,60,1380.0,1.0,۲,بازسازی شده,35.712813812609,51.447409725055,,آسانسور ندارد,پارگینگ ندارد,انباری دارد
15770000384,dabestan,88,1403.0,2.0,۲,بازسازی نشده,35.73625713199,51.458992570934,,آسانسور دارد,پارگینگ دارد,انباری دارد
18499999744,tohid,105,1404.0,2.0,۲ از ۴,بازسازی نشده,35.703708908791,51.364689826645,1.0,آسانسور دارد,پارگینگ دارد,انباری دارد
29799999340544,sazamn-barnameh,110,1394.0,2.0,۴,بازسازی نشده,35.735398880184,51.302701070689,,آسانسور دارد,پارگینگ دارد,انباری دارد
38749999104,dezashib,140,1392.0,2.0,۳,بازسازی نشده,35.807163238525,51.452011108398,,آسانسور دارد,پارگینگ دارد,انباری دارد
108000002048,velenjak,199,1404.0,3.0,۴,بازسازی نشده,35.80529969727,51.408029074502,,آسانسور دارد,پارگینگ دارد,انباری دارد
36700000256,hasan-abad-shomali,131,1403.0,3.0,۴ از ۵,بازسازی شده,35.731021552708,51.326060706752,3.0,آسانسور دارد,پارگینگ دارد,انباری دارد
24500000768,south-janat-abad,113,1394.0,2.0,۵,بازسازی نشده,35.74670695694,51.303909937314,,آسانسور دارد,پارگینگ دارد,انباری دارد
12899999744,sazman-barname-jonubi,66,1388.0,2.0,۱ از ۵,بازسازی شده,35.730182538929,51.300460010593,2.0,آسانسور دارد,پارگینگ دارد,انباری دارد
48000000000,darb-dowom,130,1401.0,2.0,۵,بازسازی نشده,35.783217472089,51.443831742997,,آسانسور دارد,پارگینگ دارد,انباری دارد
14800000000,sazman-ab,80,1398.0,2.0,۳ از ۵,بازسازی شده,35.745299880936,51.286003391911,6.0,آسانسور دارد,پارگینگ دارد,انباری دارد
3824999936,azad-shahr,75,1404.0,2.0,۲۲ از +۳۰,بازسازی نشده,35.750296856296,51.175952063891,8.0,آسانسور دارد,پارگینگ دارد,انباری دارد
550000000,chitgar,50,1403.0,1.0,۱۴ از ۱۸,بازسازی نشده,35.72098749114,51.173103632454,6.0,آسانسور دارد,پارگینگ دارد,انباری دارد
14899999744,heravi,74,1398.0,1.0,۲,بازسازی نشده,35.7670027,51.4766771,,آسانسور دارد,پارگینگ ندارد,انباری دارد
15500000256,west-tehranpars,85,1394.0,2.0,۱,بازسازی نشده,35.748867388182,51.537627448999,,آسانسور دارد,پارگینگ دارد,انباری دارد
30000001024,farmaniyeh,90,1399.0,2.0,۳,بازسازی نشده,35.796562857403,51.460415952019,,آسانسور دارد,پارگینگ دارد,انباری دارد
42500001792,ekhtiyariyeh,130,1398.0,3.0,۳ از ۵,بازسازی نشده,35.783732807719,51.457953587172,2.0,آسانسور دارد,پارگینگ دارد,انباری دارد
6499999744,shaharak-e-shariyati,65,1398.0,1.0,۶,بازسازی نشده,35.63931723476,51.373416856903,,آسانسور دارد,پارگینگ ندارد,انباری دارد
28000000000,west-tehranpars,133,,3.0,۲,بازسازی نشده,35.743174061818,51.535113163628,,آسانسور ندارد,پارگینگ دارد,انباری دارد
22000001024,bagh-feyz,110,1388.0,2.0,۵ از ۵,بازسازی نشده,35.747459935527,51.329038109974,2.0,آسانسور دارد,پارگینگ دارد,انباری دارد
950000000,azad-shahr,90,1403.0,2.0,۵ از ۸,بازسازی نشده,35.753424446791,51.189723310337,4.0,آسانسور دارد,پارگینگ دارد,انباری دارد
41999998976,heravi,190,1390.0,3.0,۵,بازسازی نشده,35.769686940718,51.483692764456,,آسانسور دارد,پارگینگ دارد,انباری دارد
16999999488,morvarid-shahr,161,1401.0,3.0,۱۲,بازسازی نشده,35.753297250613,51.13918915,,آسانسور دارد,پارگینگ دارد,انباری دارد
15500000256,west-shahrak-e-golestan,107,1397.0,2.0,۱۸,بازسازی شده,35.756826208997,51.205202756212,,آسانسور دارد,پارگینگ دارد,انباری دارد
62999998464,shahrak-e-gharb,160,1403.0,3.0,۱,بازسازی نشده,35.766286141292,51.364490418482,,آسانسور دارد,پارگینگ دارد,انباری دارد
10599999488,selsebil-shomali,86,1390.0,2.0,۴,بازسازی نشده,35.691855914287,51.370856525413,,آسانسور دارد,پارگینگ ندارد,انباری دارد
6800000000,tayeb,91,1400.0,2.0,۵ از ۵,بازسازی نشده,35.659858862549,51.452432014293,4.0,آسانسور دارد,پارگینگ ندارد,انباری دارد
100000,javadiyeh,42,1390.0,1.0,۳ از ۴,بازسازی نشده,35.647178134556,51.393614932952,2.0,آسانسور ندارد,پارگینگ دارد,انباری دارد
57999998976,shahrak-e-gharb,130,1404.0,3.0,۷,بازسازی نشده,35.766376438713,51.372492348476,,آسانسور دارد,پارگینگ دارد,انباری دارد
9600000000,east-shareq,69,1398.0,2.0,۱,بازسازی نشده,35.717580833581,51.462875483134,,آسانسور دارد,پارگینگ ندارد,انباری دارد
14499999744,central-janat-abad,66,1398.0,1.0,۲,بازسازی نشده,35.758653392239,51.307559546963,,آسانسور دارد,پارگینگ دارد,انباری دارد
23499999232,andisheh,158,1398.0,3.0,۳ از ۵,بازسازی شده,35.746240012989,51.286216685129,1.0,آسانسور دارد,پارگینگ دارد,انباری دارد
26460000256,tehransar,147,1404.0,2.0,۱,بازسازی نشده,35.692809036366,51.254081905315,1.0,آسانسور دارد,پارگینگ دارد,انباری ندارد
16899999744,kooy-e-ferdos,116,1381.0,2.0,۱,بازسازی نشده,35.725036032029,51.317116599861,,آسانسور دارد,پارگینگ دارد,انباری دارد
19800000512,kuhak,123,1402.0,2.0,۳,بازسازی شده,35.734223977709,51.244409673293,,آسانسور دارد,پارگینگ دارد,انباری دارد
540000000,azad-shahr,60,1404.0,1.0,۱۲ از ۱۹,بازسازی نشده,35.749265327772,51.175410018298,6.0,آسانسور دارد,پارگینگ دارد,انباری دارد
550000001024,elahiyeh,512,1403.0,4.0,۸ از +۳۰,بازسازی نشده,35.790657043457,51.426979064941,,آسانسور دارد,پارگینگ دارد,انباری دارد
9500000256,shams-abad,50,1392.0,1.0,۳,بازسازی نشده,35.753719101564,51.475833484157,,آسانسور دارد,پارگینگ ندارد,انباری دارد
4700000256,shahrak-daneshgahi,80,1404.0,2.0,۵,بازسازی نشده,35.705760124318,51.206595175667,,آسانسور دارد,پارگینگ دارد,انباری دارد
4249999872,beryanak,40,1396.0,1.0,۳,بازسازی نشده,35.674094100479,51.373448771566,,آسانسور دارد,پارگینگ دارد,انباری ندارد
4100000000,jey,41,1397.0,1.0,۵ از ۶,بازسازی نشده,35.678674848325,51.356721858939,2.0,آسانسور دارد,پارگینگ ندارد,انباری دارد
19000000512,arjantin,124,1380.0,4.0,۱ از ۴,بازسازی شده,35.729941204713,51.414101759762,1.0,آسانسور ندارد,پارگینگ دارد,انباری دارد
6499999744,shahr-e-ziba,95,1404.0,2.0,۴ از ۴,بازسازی نشده,35.74885559082,51.291721343994,2.0,آسانسور دارد,پارگینگ دارد,انباری دارد
24299999232,central-janat-abad,90,1404.0,2.0,۱,بازسازی نشده,35.760357264184,51.299583894268,,آسانسور دارد,پارگینگ دارد,انباری دارد
19700000768,sharara,90,1394.0,2.0,۲ از ۱۰,بازسازی نشده,35.723222138919,51.37681528039,7.0,آسانسور دارد,پارگینگ دارد,انباری دارد
6600000000,morvarid-shahr,133,1404.0,3.0,۲ از ۱۶,بازسازی نشده,35.74749680743,51.137365403518,,آسانسور دارد,پارگینگ دارد,انباری دارد
13200000000,moshiriyeh,110,1404.0,2.0,۳,بازسازی نشده,35.618285240154,51.486330250421,,آسانسور دارد,پارگینگ دارد,انباری ندارد
16499999744,shahrak-homa,82,1404.0,2.0,۴ از ۱۰,بازسازی نشده,35.74134624324,51.337562872899,8.0,آسانسور دارد,پارگینگ دارد,انباری دارد
1200000000,azad-shahr,75,1404.0,2.0,۱۳ از ۱۵,بازسازی نشده,35.747106771819,51.194606876714,4.0,آسانسور دارد,پارگینگ دارد,انباری دارد
14439999488,ostad-moein,100,1401.0,2.0,۲,بازسازی نشده,35.692675111851,51.34262325425,1.0,آسانسور دارد,پارگینگ دارد,انباری دارد
25999998976,shahrak-e-jandarmeri,85,1404.0,2.0,۳ از ۵,بازسازی نشده,35.736087678064,51.352827817732,2.0,آسانسور دارد,پارگینگ دارد,انباری دارد
13200000000,vahidiyeh,85,1404.0,2.0,۱,بازسازی نشده,35.712316106249,51.471537508356,,آسانسور دارد,پارگینگ دارد,انباری دارد
19000000512,bagh-feyz,104,1395.0,2.0,۳,بازسازی نشده,35.738976302956,51.324312957097,,آسانسور دارد,پارگینگ دارد,انباری دارد
24099999744,kooy-e-ferdos,123,1402.0,2.0,۴,بازسازی نشده,35.718473857469,51.332442500111,,آسانسور دارد,پارگینگ دارد,انباری دارد
10800000000,azad-shahr,127,1404.0,3.0,۲۸,بازسازی نشده,35.747690030602,51.180900775808,,آسانسور دارد,پارگینگ دارد,انباری دارد
5750000128,haft-hoz,45,1380.0,1.0,۲ از ۴,بازسازی نشده,35.730309357131,51.493204832965,2.0,آسانسور ندارد,پارگینگ ندارد,انباری دارد
4600000000,dahom-farvardin,45,1383.0,1.0,۱ از ۴,بازسازی شده,35.68483894803,51.463398919452,1.0,آسانسور ندارد,پارگینگ دارد,انباری دارد
4100000000,tehransar,81,1404.0,2.0,۶ از ۱۱,بازسازی نشده,35.692705317319,51.254243816422,8.0,آسانسور دارد,پارگینگ دارد,انباری دارد
15000000512,shahrak-e-ferdows,120,1404.0,3.0,۳,بازسازی نشده,35.665184745189,51.328916742721,,آسانسور دارد,پارگینگ دارد,انباری ندارد
46999998464,elahiyeh,125,1394.0,2.0,۲,بازسازی نشده,35.789592844236,51.426565170037,,آسانسور دارد,پارگینگ دارد,انباری دارد
23800000512,north-janat-abad,116,1398.0,2.0,۴,بازسازی نشده,35.774584555204,51.301491223023,,آسانسور دارد,پارگینگ دارد,انباری دارد
10000000000,sad-dastgah,68,1398.0,2.0,۴,بازسازی نشده,35.690058004546,51.47393488642,1.0,آسانسور دارد,پارگینگ دارد,انباری دارد
9299999744,parastar,56,1404.0,2.0,۴ از ۴,بازسازی نشده,35.686391319806,51.481821437779,1.0,آسانسور دارد,پارگینگ دارد,انباری دارد
43200000000,sazamn-barnameh,160,1404.0,3.0,۲ از ۵,بازسازی نشده,35.736306432915,51.301161485354,1.0,آسانسور دارد,پارگینگ دارد,انباری دارد
1800000000,chitgar,103,1402.0,2.0,۲۶ از ۳۰,بازسازی نشده,35.709657442868,51.168494396129,8.0,آسانسور دارد,پارگینگ دارد,انباری دارد
5980000256,tehran-lashkar,55,1401.0,1.0,۳ از ۴,بازسازی نشده,35.719951325705,51.46331734782,1.0,آسانسور دارد,پارگینگ ندارد,انباری دارد
16700000256,azarbaijan,102,1404.0,2.0,۵ از ۵,بازسازی نشده,35.695205553039,51.396170579947,2.0,آسانسور دارد,پارگینگ دارد,انباری دارد
37000000,lavizan,127,1390.0,2.0,۴ از ۵,بازسازی شده,35.774366661505,51.498930307217,4.0,آسانسور دارد,پارگینگ دارد,انباری دارد
7600000000,selsebil-shomali,70,1380.0,2.0,۳ از ۴,بازسازی نشده,35.69691731091,51.373121234737,1.0,آسانسور ندارد,پارگینگ ندارد,انباری دارد
36999999488,pasdaran,100,1385.0,2.0,۲ از ۲,بازسازی نشده,35.768907437063,51.464611309686,1.0,آسانسور ندارد,پارگینگ دارد,انباری دارد
4499999744,dahom-farvardin,40,1404.0,1.0,۲ از ۴,بازسازی نشده,35.682729095325,51.46436146815,1.0,آسانسور دارد,پارگینگ ندارد,انباری ندارد
399000010752,north-karegar,1600,1404.0,,۴ از ۶,بازسازی نشده,35.718836996364,51.389167002987,2.0,آسانسور دارد,پارگینگ دارد,انباری دارد
14350000128,shahrak-e-parvaz,66,1392.0,2.0,۵ از ۵,بازسازی نشده,35.728319937438,51.305562350757,4.0,آسانسور دارد,پارگینگ دارد,انباری دارد
5139999744,shokoofeh,54,1392.0,1.0,۳,بازسازی شده,35.679374848739,51.44894162672,,آسانسور ندارد,پارگینگ ندارد,انباری دارد
19000000512,niloufar,55,1398.0,1.0,۲ از ۵,بازسازی نشده,35.733490134638,51.436119667152,4.0,آسانسور دارد,پارگینگ دارد,انباری دارد
7000000000,poonak,75,1402.0,2.0,۱,بازسازی نشده,35.755545218031,51.328272882391,6.0,آسانسور دارد,پارگینگ دارد,انباری دارد
30599999488,chitgar-lake,124,1402.0,2.0,۱۰ از ۲۰,بازسازی نشده,35.749379637919,51.207995980896,,آسانسور دارد,پارگینگ دارد,انباری دارد
74999996416,marzdaran,196,1404.0,3.0,۳,بازسازی نشده,35.733360290527,51.341037750244,,آسانسور دارد,پارگینگ دارد,انباری دارد
1150000000,west-shahrak-e-golestan,95,1404.0,2.0,۲۱ از ۲۵,بازسازی نشده,35.752070151489,51.224826857042,6.0,آسانسور دارد,پارگینگ دارد,انباری دارد
29400000512,tohid,120,1404.0,2.0,۲ از ۶,بازسازی نشده,35.703122737431,51.370882887238,2.0,آسانسور دارد,پارگینگ دارد,انباری دارد
5900000256,khak-sefid,70,1400.0,1.0,۲ از ۲,بازسازی شده,35.739535985533,51.565982570364,,آسانسور ندارد,پارگینگ ندارد,انباری دارد
24000000000,central-janat-abad,92,1404.0,2.0,۲,بازسازی نشده,35.759982469825,51.300474749197,,آسانسور دارد,پارگینگ دارد,انباری دارد
11399999488,bolursazi,110,1404.0,2.0,۲ از ۵,بازسازی نشده,35.664031091951,51.37804463676,2.0,آسانسور دارد,پارگینگ دارد,انباری دارد
6099999744,tehransar-markazi,70,1385.0,2.0,۲,بازسازی نشده,35.696315439433,51.254204311218,,آسانسور ندارد,پارگینگ دارد,انباری دارد
13210000384,kuhak,86,1404.0,2.0,۶,بازسازی نشده,35.736939048408,51.241709187261,,آسانسور دارد,پارگینگ دارد,انباری دارد
35000000512,poonak,140,1404.0,3.0,۳ از ۵,بازسازی نشده,35.75958553642,51.325157924981,2.0,آسانسور دارد,پارگینگ دارد,انباری دارد
6800000000,moshiriyeh,68,1404.0,2.0,۱,بازسازی نشده,35.614536226453,51.482813205664,,آسانسور دارد,پارگینگ ندارد,انباری ندارد
20999999488,sadeghiyeh,142,1380.0,3.0,۲ از ۴,بازسازی نشده,35.722951762601,51.343255590737,1.0,آسانسور ندارد,پارگینگ دارد,انباری دارد
9799999488,sarsabil,71,1395.0,2.0,۴ از ۴,بازسازی شده,35.681265654223,51.372660400877,2.0,آسانسور دارد,پارگینگ دارد,انباری دارد
6499999744,east-shareq,42,1404.0,1.0,۱,بازسازی نشده,35.706152024508,51.462284425981,1.0,آسانسور دارد,پارگینگ ندارد,انباری دارد
2800000000,imamzadeh-hasan,43,1373.0,1.0,۲,بازسازی نشده,35.663306542989,51.363063421143,1.0,آسانسور ندارد,پارگینگ ندارد,انباری ندارد
2500000000,tehransar-markazi,40,1398.0,1.0,۱,بازسازی نشده,35.696159951586,51.257314522908,,آسانسور دارد,پارگینگ دارد,انباری دارد
22699999232,ostad-moein,125,1404.0,2.0,۵,بازسازی نشده,35.695125579833984,51.34244918823242,1.0,آسانسور دارد,پارگینگ دارد,انباری ندارد
4649999872,sarsabil,38,1388.0,1.0,۲ از ۴,بازسازی نشده,35.689159935032,51.371176893701,1.0,آسانسور ندارد,پارگینگ دارد,انباری دارد
22470000640,tehran-kerman,106,1403.0,2.0,۵,بازسازی نشده,35.737414733792,51.478308674315,,آسانسور دارد,پارگینگ دارد,انباری دارد
8342000128,kooye-e-hefdahom-e-shahrivar,97,1404.0,2.0,۴ از ۷,بازسازی نشده,35.666964743192,51.306557040157,8.0,آسانسور دارد,پارگینگ دارد,انباری دارد
630000000,azad-shahr,70,1404.0,2.0,۱۶ از ۲۱,بازسازی نشده,35.755665795982,51.176759690226,8.0,آسانسور دارد,پارگینگ دارد,انباری دارد
3600000000,salamat,50,1389.0,1.0,۳,بازسازی شده,35.676917726982,51.382292289096,2.0,آسانسور ندارد,پارگینگ ندارد,انباری دارد
16199999488,east-shareq,135,1394.0,3.0,۱ از ۴,بازسازی شده,35.71463887521,51.460420119895,2.0,آسانسور دارد,پارگینگ دارد,انباری ندارد
25400000512,tehran-pars,127,1400.0,3.0,۲,بازسازی نشده,35.726119825868,51.511369969626,1.0,آسانسور دارد,پارگینگ دارد,انباری دارد
109999996928,elahiyeh,150,1404.0,2.0,۶,بازسازی نشده,35.795774483168,51.419914545305,,آسانسور دارد,پارگینگ دارد,انباری دارد
13799999488,fadak,75,1395.0,2.0,۱ از ۵,بازسازی نشده,35.723802041216,51.484138821628,2.0,آسانسور دارد,پارگینگ دارد,انباری دارد
16199999488,south-shahran,77,1398.0,2.0,۳,بازسازی نشده,35.757759325085,51.29319131594,,آسانسور دارد,پارگینگ دارد,انباری دارد
600000000,farah-abad,105,1403.0,2.0,۲ از ۷,بازسازی نشده,35.676666516771,51.484574892427,4.0,آسانسور دارد,پارگینگ دارد,انباری دارد
13600000,tehran-pars,80,1385.0,2.0,۱ از ۴,بازسازی شده,35.726044467566,51.513577652167,2.0,آسانسور ندارد,پارگینگ دارد,انباری دارد
5400000000,sarsabil,57,1388.0,2.0,۱,بازسازی شده,35.68160893947,51.375738361695,1.0,آسانسور ندارد,پارگینگ ندارد,انباری دارد
5800000000,north-janat-abad,60,1398.0,2.0,۲ از ۴,بازسازی نشده,35.770285314382,51.312397216628,2.0,آسانسور دارد,پارگینگ دارد,انباری دارد
14000000000,west-tehranpars,85,1404.0,2.0,۵,بازسازی نشده,35.750049106561,51.529106292562,,آسانسور دارد,پارگینگ دارد,انباری دارد
11349999616,tehran-lashkar,92,1398.0,1.0,۲ از ۵,بازسازی نشده,35.722750910152,51.463310639423,1.0,آسانسور دارد,پارگینگ دارد,انباری دارد
10099999744,zarkesh,73,1396.0,2.0,۳ از ۴,بازسازی نشده,35.713080446638,51.476450459042,2.0,آسانسور دارد,پارگینگ دارد,انباری دارد
65000001536,shahrak-e-jandarmeri,186,1401.0,3.0,۱,بازسازی نشده,35.736184957733,51.357661097848,1.0,آسانسور دارد,پارگینگ دارد,انباری دارد
10000000000,dabestan,94,1373.0,2.0,۲ از ۴,بازسازی شده,35.731571588579,51.459560560653,4.0,آسانسور ندارد,پارگینگ ندارد,انباری دارد
10000000000,vardavard,110,1404.0,2.0,۱ از ۱۵,بازسازی نشده,35.743995206448,51.137411227504,,آسانسور دارد,پارگینگ دارد,انباری دارد
19000000512,shadman,94,1404.0,2.0,۴ از ۴,بازسازی نشده,35.706134219745,51.364694817246,1.0,آسانسور دارد,پارگینگ دارد,انباری دارد
22000001024,shams-abad,105,1395.0,2.0,۳ از ۵,بازسازی نشده,35.749940223149,51.479032045594,2.0,آسانسور دارد,پارگینگ دارد,انباری دارد
8600000512,shams-abad,55,1387.0,1.0,۳ از ۵,بازسازی نشده,35.751471700152,51.480927926431,3.0,آسانسور دارد,پارگینگ ندارد,انباری دارد
17999998976,jeyhoun,118,1403.0,3.0,۶ از ۶,بازسازی نشده,35.685798595501,51.367207390949,3.0,آسانسور دارد,پارگینگ دارد,انباری دارد
12800000000,sad-dastgah,85,1397.0,2.0,۱ از ۵,بازسازی نشده,35.691097109491,51.474933397883,2.0,آسانسور دارد,پارگینگ دارد,انباری دارد
5000000000,amaniyeh,50,1400.0,1.0,۲,بازسازی نشده,35.781391653898,51.422494400607,,آسانسور دارد,پارگینگ دارد,انباری دارد
18499999744,nabi-akram,120,1404.0,3.0,۴ از ۵,بازسازی نشده,35.683011000022,51.478597366599,1.0,آسانسور دارد,پارگینگ دارد,انباری دارد
7600000000,zarkesh,53,1402.0,1.0,۲ از ۴,بازسازی نشده,35.713748156405,51.479331064766,1.0,آسانسور دارد,پارگینگ ندارد,انباری دارد
85000003584,pasdaran,280,1390.0,4.0,۱,بازسازی نشده,35.768978336295,51.462363558329,,آسانسور دارد,پارگینگ دارد,انباری دارد
8499999744,dr-hoshyar,62,1404.0,2.0,۲ از ۴,بازسازی نشده,35.68911679038,51.355213967506,1.0,آسانسور دارد,پارگینگ دارد,انباری دارد
4550000128,taslihat,36,1391.0,1.0,۳ از ۴,بازسازی شده,35.718841977343,51.474256255456,1.0,آسانسور ندارد,پارگینگ ندارد,انباری ندارد
6649999872,tehran-kerman,59,1372.0,1.0,۲,بازسازی شده,35.734820806274,51.470648604647,,آسانسور ندارد,پارگینگ ندارد,انباری دارد
23499999232,almahdi,105,1402.0,2.0,۲,بازسازی نشده,35.777327628953,51.323580586051,,آسانسور دارد,پارگینگ دارد,انباری دارد
600000000,dahom-farvardin,115,1402.0,2.0,۳,بازسازی نشده,35.684592119007,51.462816276098,,آسانسور دارد,پارگینگ دارد,انباری دارد
7699999744,tehran-gorgan,67,1380.0,1.0,۱,بازسازی نشده,35.716104846902,51.454970329046,3.0,آسانسور ندارد,پارگینگ ندارد,انباری دارد
7489999872,east-tehranpars,45,1389.0,1.0,۳,بازسازی نشده,35.745611646392,51.545592796134,,آسانسور دارد,پارگینگ دارد,انباری دارد
9500000256,vahidiyeh,81,1403.0,2.0,۱,بازسازی نشده,35.714820861816,51.470504760742,1.0,آسانسور دارد,پارگینگ ندارد,انباری دارد
9200000000,selsebil-shomali,59,1400.0,1.0,۵ از ۵,بازسازی نشده,35.693519896844,51.372108285523,2.0,آسانسور دارد,پارگینگ دارد,انباری دارد
4929999872,jeyhoun,55,1382.0,1.0,۳,بازسازی نشده,35.682618165241,51.370973440368,,آسانسور ندارد,پارگینگ ندارد,انباری دارد
16999999488,sarsabil,110,1404.0,2.0,۱,بازسازی نشده,35.681439517042,51.373940534402,,آسانسور دارد,پارگینگ دارد,انباری دارد
33500000256,gisha,88,1404.0,2.0,۵,بازسازی نشده,35.739262295323,51.379783722931,,آسانسور دارد,پارگینگ دارد,انباری دارد
7000000000,azad-shahr,133,1404.0,3.0,۱۰,بازسازی نشده,35.752736168241,51.198063239592,,آسانسور دارد,پارگینگ دارد,انباری دارد
16400000000,sattarkhan,82,1395.0,2.0,۴ از ۵,بازسازی نشده,35.717599433292,51.355011147784,2.0,آسانسور دارد,پارگینگ دارد,انباری دارد
5150000128,molavi,87,1396.0,2.0,۵ از ۵,بازسازی نشده,35.668863466359,51.4258185529,2.0,آسانسور دارد,پارگینگ دارد,انباری دارد
5800000000,sarsabil,56,1389.0,1.0,۱,بازسازی نشده,35.684130611247,51.373793580239,1.0,آسانسور ندارد,پارگینگ ندارد,انباری دارد
11349999616,taslihat,92,1396.0,2.0,۲,بازسازی نشده,35.723060672759,51.470126838474,,آسانسور دارد,پارگینگ دارد,انباری دارد
7200000000,jeyhoun,48,1397.0,1.0,۲ از ۴,بازسازی نشده,35.692167273605,51.36817764504,1.0,آسانسور دارد,پارگینگ ندارد,انباری دارد
3750000128,sarsabil,35,1382.0,1.0,همکف از ۴,بازسازی شده,35.686392299912,51.370744618244,1.0,آسانسور ندارد,پارگینگ ندارد,انباری دارد
5249999872,sarsabil,58,1382.0,1.0,۴ از ۴,بازسازی شده,35.686463231889,51.370888018312,1.0,آسانسور ندارد,پارگینگ ندارد,انباری دارد
154999996416,jamaran,260,1403.0,3.0,۲,بازسازی نشده,35.814348199563,51.454699578336,,آسانسور دارد,پارگینگ دارد,انباری دارد
22000001024,niloufar,140,,3.0,۴,بازسازی نشده,35.733388093708,51.434159959031,,آسانسور دارد,پارگینگ دارد,انباری دارد
89000001536,aghdasieh,285,1390.0,3.0,۴,بازسازی نشده,35.805659367187,51.474172335478,1.0,آسانسور دارد,پارگینگ دارد,انباری دارد
32399998976,sadeghiyeh,162,1401.0,3.0,۶ از ۶,بازسازی شده,35.723397625336,51.347134475104,2.0,آسانسور دارد,پارگینگ دارد,انباری دارد
49999998976,zafaraniyeh,130,,2.0,همکف از ۲,بازسازی شده,35.80587418376,51.419988515159,1.0,آسانسور ندارد,پارگینگ ندارد,انباری دارد
109999996928,shahrak-homa,310,1401.0,4.0,۳,بازسازی نشده,35.749557415734,51.339803389015,1.0,آسانسور دارد,پارگینگ دارد,انباری دارد
2107000064,azad-shahr,98,1404.0,2.0,۱۰ از +۳۰,بازسازی نشده,35.750785879396,51.174342268552,,آسانسور دارد,پارگینگ دارد,انباری دارد
6449999872,azad-shahr,125,1404.0,2.0,۷ از ۱۴,بازسازی نشده,35.748862381494,51.188917691362,8.0,آسانسور دارد,پارگینگ دارد,انباری دارد
15900000,chitgar-lake,8815900,1398.0,2.0,۷,بازسازی نشده,35.749774007696,51.213287849933,,آسانسور دارد,پارگینگ دارد,انباری دارد
3040000000,shahrak-kharazi,80,1404.0,2.0,۹ از ۲۱,بازسازی نشده,35.75223006719,51.156594281777,8.0,آسانسور دارد,پارگینگ دارد,انباری دارد
24099999744,kooy-e-ferdos,112,1404.0,2.0,۳,بازسازی نشده,35.721284514345,51.328336361159,,آسانسور دارد,پارگینگ دارد,انباری دارد
20000000000,abbas-abad,60,1404.0,1.0,۵ از ۵,بازسازی نشده,35.7287696,51.4372252,2.0,آسانسور دارد,پارگینگ دارد,انباری دارد
3100000000,andisheh,45,1396.0,1.0,۱,بازسازی نشده,35.744665123297,51.2827745097,,آسانسور دارد,پارگینگ دارد,انباری دارد
5000000000,dolatkhah,117,1398.0,1.0,۲,بازسازی نشده,35.617183425193,51.343365746852,,آسانسور دارد,پارگینگ دارد,انباری دارد
8499999744,kazem-abad,50,1386.0,1.0,۲,بازسازی نشده,35.743142535022,51.467566933484,,آسانسور دارد,پارگینگ ندارد,انباری دارد
15710000128,sadeghiyeh,87,1398.0,2.0,۲ از ۳,بازسازی شده,35.72351832216,51.34722907048,2.0,آسانسور دارد,پارگینگ دارد,انباری دارد
27360000000,amir-abad,114,1404.0,2.0,۲ از ۵,بازسازی نشده,35.724810548747,51.383669666115,2.0,آسانسور دارد,پارگینگ دارد,انباری دارد
6049999872,tehran-gorgan,53,1400.0,1.0,۳,بازسازی نشده,35.705039833277,51.448099614149,,آسانسور دارد,پارگینگ ندارد,انباری دارد
23800000512,shahrak-e-cheshmeh,120,1398.0,2.0,۳ از ۳,بازسازی شده,35.752464294434,51.260440826416,1.0,آسانسور دارد,پارگینگ دارد,انباری دارد
9299999744,hashemi,90,1401.0,2.0,۱ از ۶,بازسازی نشده,35.686324632138,51.356210206425,2.0,آسانسور دارد,پارگینگ ندارد,انباری دارد
4150000128,selsebil-shomali,42,1385.0,1.0,زیرهمکف,بازسازی شده,35.697727007459,51.374295691762,1.0,آسانسور ندارد,پارگینگ ندارد,انباری دارد
83999997952,gisha,185,1404.0,3.0,۴ از ۵,بازسازی نشده,35.738574981689,51.377414703369,1.0,آسانسور دارد,پارگینگ دارد,انباری دارد
49999998976,mahmoodiyeh,135,1395.0,2.0,۵,بازسازی نشده,35.793337935276,51.415449940661,,آسانسور دارد,پارگینگ دارد,انباری دارد
21500000256,poonak,91,1396.0,2.0,۱,بازسازی نشده,35.752649677503,51.337100424007,,آسانسور دارد,پارگینگ دارد,انباری دارد
1400000000,chitgar-lake,75,1403.0,2.0,۱۲ از ۱۹,بازسازی نشده,35.750404,51.213787,6.0,آسانسور دارد,پارگینگ دارد,انباری دارد
24000000000,sadeghiyeh,120,1404.0,2.0,۳ از ۸,بازسازی نشده,35.723835946865,51.342603578982,2.0,آسانسور دارد,پارگینگ دارد,انباری دارد
21799999488,niroo-havayi,109,1390.0,2.0,۳ از ۵,بازسازی نشده,35.699616773933,51.485209009126,1.0,آسانسور دارد,پارگینگ دارد,انباری دارد
89999998976,saadat-abad,150,1404.0,2.0,۷,بازسازی نشده,35.778476348423,51.369681677345,,آسانسور دارد,پارگینگ دارد,انباری دارد
15150000128,north-janat-abad,60,1396.0,1.0,۵,بازسازی نشده,35.767988769236,51.304986775042,,آسانسور دارد,پارگینگ دارد,انباری دارد
5900000256,shahr-e-ziba,65,1399.0,2.0,۲,بازسازی نشده,35.748134513553,51.292146544859,,آسانسور دارد,پارگینگ دارد,انباری دارد
2500000000,shahr-e-ziba,38,1402.0,1.0,۲,بازسازی نشده,35.747361811839,51.293100841083,,آسانسور دارد,پارگینگ دارد,انباری دارد
9500000256,south-shahran,63,1388.0,2.0,۱,بازسازی شده,35.757903083621,51.287140438549,,آسانسور دارد,پارگینگ دارد,انباری دارد
41999998976,gisha,130,1395.0,3.0,۴ از ۵,بازسازی نشده,35.738574981689,51.377414703369,1.0,آسانسور دارد,پارگینگ دارد,انباری دارد
15000000512,sazamn-barnameh,70,1385.0,2.0,۲,بازسازی شده,35.73697321003,51.300602326481,,آسانسور دارد,پارگینگ دارد,انباری دارد
5000000000,chitgar-shomali,61,1402.0,2.0,۲,بازسازی نشده,35.722087964131,51.18531693766,,آسانسور دارد,پارگینگ دارد,انباری دارد
13500000256,nezam-abad,95,1404.0,2.0,۷ از ۸,بازسازی نشده,35.705242175063,51.448554070722,2.0,آسانسور دارد,پارگینگ دارد,انباری دارد
4600000000,chitgar-shomali,119,1404.0,3.0,۱۶ از ۲۱,بازسازی نشده,35.726327437998,51.187641655813,6.0,آسانسور دارد,پارگینگ دارد,انباری دارد
5800000000,tehran-kerman,45,1394.0,1.0,۴,بازسازی نشده,35.730447892506,51.466629811956,1.0,آسانسور ندارد,پارگینگ دارد,انباری دارد
3500000000,azari,40,1385.0,1.0,همکف از ۴,بازسازی نشده,35.669415373703,51.352239318629,,آسانسور ندارد,پارگینگ ندارد,انباری دارد
10000000,taslihat,75,1385.0,2.0,۴ از ۴,بازسازی شده,35.721289819934,51.468644532025,1.0,آسانسور ندارد,پارگینگ دارد,انباری دارد
17600000000,lavizan,112,1390.0,3.0,۵,بازسازی نشده,35.773241842313,51.496384560851,,آسانسور دارد,پارگینگ دارد,انباری دارد
14000000000,doolab,210,1382.0,3.0,۲ از ۳,بازسازی شده,35.666430789884,51.462020184009,1.0,آسانسور ندارد,پارگینگ ندارد,انباری دارد
6800000000,beryanak,78,1380.0,2.0,۳ از ۴,بازسازی نشده,35.678549100236,51.374519343269,1.0,آسانسور ندارد,پارگینگ ندارد,انباری دارد
4499999744,tehransar,70,1403.0,2.0,۲,بازسازی نشده,35.692745628339,51.254201436208,,آسانسور دارد,پارگینگ دارد,انباری دارد
7600000000,zahed-gilani,57,1404.0,2.0,۲,بازسازی نشده,35.694564481558,51.460968406333,1.0,آسانسور دارد,پارگینگ ندارد,انباری دارد
43000000512,qoba,135,1403.0,3.0,۴ از ۵,بازسازی نشده,35.762463685178,51.451461221631,,آسانسور دارد,پارگینگ دارد,انباری دارد
45499998208,ekhtiyariyeh,112,1404.0,2.0,۳,بازسازی نشده,35.78802910617,51.453859680417,,آسانسور دارد,پارگینگ دارد,انباری دارد
9349999616,dehkade-olympic,110,1404.0,2.0,۱۲,بازسازی نشده,35.764669683578,51.253457089272,4.0,آسانسور دارد,پارگینگ دارد,انباری دارد
44999999488,pasdaran,130,1403.0,3.0,۳ از ۶,بازسازی نشده,35.76941134616,51.461040852596,3.0,آسانسور دارد,پارگینگ دارد,انباری دارد
5100000256,shahr-e-ziba,60,1400.0,2.0,۲,بازسازی شده,35.747215316386,51.29102820842,,آسانسور دارد,پارگینگ دارد,انباری دارد
14990000128,elm-o-sanat,108,1396.0,2.0,۵ از ۶,بازسازی نشده,35.74478411376,51.512081434087,3.0,آسانسور دارد,پارگینگ دارد,انباری دارد
4750000128,vahidiyeh,60,,1.0,۴,بازسازی نشده,35.720336986733,51.467317907573,,آسانسور ندارد,پارگینگ دارد,انباری دارد
5800000000,saheb-al-zaman,76,1378.0,2.0,۴ از ۴,بازسازی نشده,35.67358680445,51.473290446011,1.0,آسانسور ندارد,پارگینگ دارد,انباری دارد
199999995904,elahiyeh,334,1402.0,4.0,۵,بازسازی نشده,35.79471873786,51.422614182016,,آسانسور دارد,پارگینگ دارد,انباری دارد
27000000512,ozgol,115,1396.0,2.0,۴,بازسازی نشده,35.792992940774,51.496578425376,1.0,آسانسور دارد,پارگینگ دارد,انباری دارد
6499999744,sarsabil,57,1388.0,1.0,۱ از ۴,بازسازی نشده,35.687378627609,51.373445943738,1.0,آسانسور دارد,پارگینگ دارد,انباری ندارد
7800000000,soleymani,80,1396.0,2.0,۴ از ۴,بازسازی نشده,35.669763096164,51.366695256941,1.0,آسانسور دارد,پارگینگ ندارد,انباری دارد
46000001024,marzdaran,185,1398.0,3.0,۳ از ۵,بازسازی نشده,35.73490665139,51.344540964162,1.0,آسانسور دارد,پارگینگ دارد,انباری دارد
32000000000,habibollah,118,1404.0,3.0,۱ از ۵,بازسازی نشده,35.712871251104,51.357619690014,2.0,آسانسور دارد,پارگینگ دارد,انباری دارد
35000000512,farah-abad,120,1388.0,2.0,۲ از ۲,بازسازی شده,35.679992428543,51.482422032344,,آسانسور ندارد,پارگینگ ندارد,انباری دارد
57600000000,saadat-abad,144,1387.0,2.0,۵,بازسازی شده,35.784841770205,51.370243135383,,آسانسور دارد,پارگینگ دارد,انباری دارد
26749999104,habibollah,110,1404.0,2.0,۵ از ۵,بازسازی نشده,35.713292169637,51.357750691652,2.0,آسانسور دارد,پارگینگ دارد,انباری دارد
11649999872,zarkesh,75,1404.0,2.0,۳ از ۶,بازسازی نشده,35.715416796934,51.477576908566,4.0,آسانسور دارد,پارگینگ دارد,انباری دارد
4950000128,east-shareq,64,1371.0,1.0,۳ از ۳,بازسازی شده,35.713925958198,51.467564667814,1.0,آسانسور ندارد,پارگینگ ندارد,انباری دارد
12999999488,shams-abad,65,1403.0,1.0,۳,بازسازی نشده,35.741650654001,51.469679977835,,آسانسور دارد,پارگینگ دارد,انباری دارد
4750000128,jeyhoun,45,1385.0,1.0,۱ از ۴,بازسازی شده,35.685414841731,51.364485309743,1.0,آسانسور ندارد,پارگینگ ندارد,انباری دارد
32000000000,kooy-e-ferdos,140,1401.0,3.0,۳,بازسازی نشده,35.720282166258,51.320216975697,,آسانسور دارد,پارگینگ دارد,انباری دارد
18900000768,central-janat-abad,105,1404.0,2.0,۲ از ۶,بازسازی نشده,35.760052406366,51.306401935597,5.0,آسانسور دارد,پارگینگ دارد,انباری دارد
8999999488,selsebil-shomali,83,1398.0,2.0,۱,بازسازی نشده,35.690593080917,51.376146000329,,آسانسور دارد,پارگینگ ندارد,انباری دارد
8499999744,oghaf,72,1385.0,1.0,۴ از ۵,بازسازی نشده,35.7470773,51.5156827,4.0,آسانسور دارد,پارگینگ ندارد,انباری دارد
29899999232,dezashib,141,1385.0,3.0,۴,بازسازی شده,35.805634138635,51.452653181513,,آسانسور ندارد,پارگینگ دارد,انباری دارد
4000000000,jeyhoun,45,,1.0,۱,بازسازی شده,35.692972277133,51.366753508293,,آسانسور ندارد,پارگینگ ندارد,انباری دارد
37600002048,north-janat-abad,170,1401.0,3.0,۲,بازسازی نشده,35.774920459033,51.303611006389,,آسانسور دارد,پارگینگ دارد,انباری دارد
30000001024,heravi,132,1391.0,3.0,۵ از ۵,بازسازی شده,35.763708563104,51.478233209275,2.0,آسانسور دارد,پارگینگ دارد,انباری دارد
4540000256,hafezie,44,1383.0,1.0,۴ از ۴,بازسازی شده,35.696478817945,51.492049249765,1.0,آسانسور ندارد,پارگینگ ندارد,انباری دارد
13500000256,estakhr,130,1393.0,2.0,۷,بازسازی نشده,35.755893485332,51.571593597417,,آسانسور دارد,پارگینگ دارد,انباری دارد
29899999232,gholhak,95,1404.0,2.0,۴,بازسازی نشده,35.775151297964,51.43658086072,2.0,آسانسور دارد,پارگینگ دارد,انباری دارد
11000000512,bahar,85,1383.0,2.0,۲ از ۴,بازسازی شده,35.710987226002,51.431947326321,2.0,آسانسور ندارد,پارگینگ دارد,انباری دارد
20349999104,elm-o-sanat,130,1404.0,3.0,۱,بازسازی نشده,35.744070524389,51.512247141592,2.0,آسانسور دارد,پارگینگ دارد,انباری دارد
11000000512,nezam-abad,82,1399.0,2.0,۵,بازسازی نشده,35.707005333069,51.457004956044,,آسانسور دارد,پارگینگ دارد,انباری ندارد
21899999232,central-janat-abad,95,1404.0,2.0,۴ از ۶,بازسازی نشده,35.759335668502,51.311041757395,,آسانسور دارد,پارگینگ دارد,انباری دارد
44500000768,pasdaran,130,1404.0,3.0,۱,بازسازی نشده,35.764221890529,51.464767081816,2.0,آسانسور دارد,پارگینگ دارد,انباری دارد
5400000000,sarsabil,57,1388.0,2.0,۲ از ۳,بازسازی شده,35.682222451056,51.376659016874,1.0,آسانسور ندارد,پارگینگ دارد,انباری دارد
24999999488,north-sohrevardi,124,1386.0,3.0,۵ از ۵,بازسازی نشده,35.7226286,51.4349279,1.0,آسانسور دارد,پارگینگ دارد,انباری دارد
41999998976,heravi,148,1404.0,2.0,۵ از ۵,بازسازی نشده,35.765433606308,51.477546595249,2.0,آسانسور دارد,پارگینگ دارد,انباری دارد
12000000000,kooy-e-ferdos,70,1385.0,2.0,۳,بازسازی شده,35.722626479448,51.320234432219,,آسانسور دارد,پارگینگ دارد,انباری دارد
5350000128,fallah,72,1382.0,2.0,۱,بازسازی نشده,35.661300286255,51.355911085105,1.0,آسانسور ندارد,پارگینگ دارد,انباری ندارد
3700000000,dolatkhah,65,1404.0,2.0,۹,بازسازی نشده,35.619884102673,51.344503901839,,آسانسور دارد,پارگینگ دارد,انباری ندارد
1000,poonak,71,1404.0,2.0,۴ از ۷,بازسازی نشده,35.75834154445,51.334756621357,,آسانسور دارد,پارگینگ دارد,انباری دارد
3900000000,abshar-tehran,63,1404.0,2.0,۲ از ۳,بازسازی نشده,35.759120901743,51.210137804337,2.0,آسانسور دارد,پارگینگ دارد,انباری دارد
2630000128,eskandari,35,1404.0,1.0,۳,بازسازی نشده,35.684563245011,51.381390920491,,آسانسور ندارد,پارگینگ ندارد,انباری دارد
22539999232,haft-hoz,98,1393.0,2.0,۳ از ۴,بازسازی نشده,35.727164082368,51.490556136075,1.0,آسانسور دارد,پارگینگ دارد,انباری دارد
24000000000,kashanak,86,1404.0,2.0,۵,بازسازی نشده,35.814637893382,51.480751058829,,آسانسور دارد,پارگینگ دارد,انباری دارد
7200000000,tehran-kerman,57,1390.0,1.0,۴ از ۴,بازسازی نشده,35.730992192437,51.469834568131,1.0,آسانسور دارد,پارگینگ دارد,انباری دارد
9100000256,jeyhoun,60,1383.0,2.0,۱ از ۴,بازسازی نشده,35.698250744238,51.366407347783,1.0,آسانسور ندارد,پارگینگ دارد,انباری دارد
